time,dayofyr,crpval,agcacc,bgcjacc,bgcmacc,cgrain,egrain(N),egrain(P),egrain(S),crmvst,ermvst(N),ermvst(P),ermvst(S),cstraw,estraw(N),estraw(P),estraw(S),stdstraw,estdstraw(N),estdstraw(P),estdstraw(S),addsdc,addsde(N),addsde(P),addsde(S),resid,reside(N),reside(P),reside(S),irrapp,fertapp(N),fertapp(P),fertapp(S),afertapp(N),afertapp(P),afertapp(S),omadapp,omaeapp(N),omaeapp(P),omaeapp(S),strmac(1),strmac(2),strmac(3),strmac(4),strmac(5),strmac(6),strmac(7),strmac(8),cgracc,egracc(N),egracc(P),egracc(S),accrst,accrste(N),accrste(P),accrste(S),ctubesj,etubesj(N),etubesj(P),etubesj(S),ctubesm,etubesm(N),etubesm(P),etubesm(S),srfclittrj,esrfclittrj(N),esrfclittrj(P),esrfclittrj(S),soillittrj,esoillittrj(N),esoillittrj(P),esoillittrj(S),srfclittrm,esrfclittrm(N),esrfclittrm(P),esrfclittrm(S),soillittrm,esoillittrm(N),esoillittrm(P),esoillittrm(S)
2022.50,205,'W4EG70',4.2245,3.3467,0.1761,2.3189,0.1473,0.0000,0.0000,1.7150,0.0373,0.0000,0.0000,1.7150,0.0373,0.0000,0.0000,0.0000,0.0000,0.0000,0.0000,0.0381,0.0008,0.0000,0.0000,0.1524,0.0033,0.0000,0.0000,0.0000,7.1000,0.0000,0.0000,0.0000,0.0000,0.0000,0.0000,0.0000,0.0000,0.0000,9.8423,0.5783,0.0000,0.0000,0.2044,0.0174,0.0000,0.0000,2.3189,0.1473,0.0000,0.0000,1.7150,0.0000,0.0000,0.0000,0.0000,0.0000,0.0000,0.0000,0.0000,0.0000,0.0000,0.0000,0.3678,0.0079,0.0000,0.0000,2.2593,0.0487,0.0000,0.0000,0.0951,0.0020,0.0000,0.0000,0.5841,0.0126,0.0000,0.0000
2023.75,295,'C620',648.7126,131.4190,6.9168,356.7919,10.1031,0.0000,0.0000,0.0000,0.0000,0.0000,0.0000,0.0000,0.0000,0.0000,0.0000,0.0000,0.0000,0.0000,0.0000,58.3841,0.5658,0.0000,0.0000,233.5365,2.2631,0.0000,0.0000,0.0000,14.0000,0.0000,0.0000,0.0000,0.0000,0.0000,0.0000,0.0000,0.0000,0.0000,11.1004,2.5656,0.0000,0.0000,0.3051,0.0346,0.0000,0.0000,356.7919,10.1031,0.0000,0.0000,0.0000,0.0000,0.0000,0.0000,0.0000,0.0000,0.0000,0.0000,0.0000,0.0000,0.0000,0.0000,15.6924,0.3486,0.0000,0.0000,96.3961,2.1414,0.0000,0.0000,3.2220,0.0716,0.0000,0.0000,19.7920,0.4396,0.0000,0.0000
2024.67,273,'SYBN106',277.1716,56.5780,2.9778,110.4180,14.7239,0.0000,0.0000,0.0000,0.0000,0.0000,0.0000,0.0000,0.0000,0.0000,0.0000,0.0000,0.0000,0.0000,0.0000,33.3507,1.1020,0.0000,0.0000,133.4029,4.4080,0.0000,0.0000,0.0000,0.2000,0.0000,0.0000,0.0000,0.0000,0.0000,0.0000,0.0000,0.0000,0.0000,18.4199,5.3253,0.0000,0.0000,0.3508,0.0233,0.0000,0.0000,110.4180,14.7239,0.0000,0.0000,0.0000,0.0000,0.0000,0.0000,0.0000,0.0000,0.0000,0.0000,0.0000,0.0000,0.0000,0.0000,5.8119,0.2375,0.0000,0.0000,35.7017,1.4591,0.0000,0.0000,1.1446,0.0465,0.0000,0.0000,7.0309,0.2854,0.0000,0.0000
2025.50,205,'W337',378.0661,158.5868,8.3467,189.0331,5.6088,0.0000,0.0000,170.1298,1.4134,0.0000,0.0000,170.1298,1.4134,0.0000,0.0000,0.0000,0.0000,0.0000,0.0000,3.7807,0.0314,0.0000,0.0000,15.1226,0.1256,0.0000,0.0000,0.0000,7.1000,0.0000,0.0000,0.0000,0.0000,0.0000,0.0000,0.0000,0.0000,0.0000,14.1421,1.1825,0.0000,0.0000,0.0865,0.0062,0.0000,0.0000,189.0331,5.6088,0.0000,0.0000,170.1298,0.0000,0.0000,0.0000,0.0000,0.0000,0.0000,0.0000,0.0000,0.0000,0.0000,0.0000,20.8465,0.4305,0.0000,0.0000,128.0572,2.6444,0.0000,0.0000,2.2804,0.0477,0.0000,0.0000,14.0083,0.2931,0.0000,0.0000
2026.75,295,'C620',413.1017,105.5585,5.5557,223.5968,7.2057,0.0000,0.0000,0.0000,0.0000,0.0000,0.0000,0.0000,0.0000,0.0000,0.0000,0.0000,0.0000,0.0000,0.0000,37.9010,0.4183,0.0000,0.0000,151.6039,1.6734,0.0000,0.0000,0.0000,14.0000,0.0000,0.0000,0.0000,0.0000,0.0000,0.0000,0.0000,0.0000,0.0000,22.5097,2.6552,0.0000,0.0000,0.4078,0.0265,0.0000,0.0000,223.5968,7.2057,0.0000,0.0000,0.0000,0.0000,0.0000,0.0000,0.0000,0.0000,0.0000,0.0000,0.0000,0.0000,0.0000,0.0000,12.5104,0.2777,0.0000,0.0000,76.8496,1.7060,0.0000,0.0000,2.6689,0.0592,0.0000,0.0000,16.3947,0.3637,0.0000,0.0000
2027.67,273,'SYBN106',324.2960,63.8623,3.3612,128.4156,17.0258,0.0000,0.0000,0.0000,0.0000,0.0000,0.0000,0.0000,0.0000,0.0000,0.0000,0.0000,0.0000,0.0000,0.0000,39.1761,1.2884,0.0000,0.0000,156.7043,5.1536,0.0000,0.0000,0.0000,0.2000,0.0000,0.0000,0.0000,0.0000,0.0000,0.0000,0.0000,0.0000,0.0000,7.1748,2.8689,0.0000,0.0000,0.0832,0.0060,0.0000,0.0000,128.4156,17.0258,0.0000,0.0000,0.0000,0.0000,0.0000,0.0000,0.0000,0.0000,0.0000,0.0000,0.0000,0.0000,0.0000,0.0000,6.3230,0.2602,0.0000,0.0000,38.8413,1.5985,0.0000,0.0000,1.4149,0.0579,0.0000,0.0000,8.6917,0.3555,0.0000,0.0000
2028.50,205,'W337',485.7075,159.0354,8.3703,242.8537,6.9148,0.0000,0.0000,218.5683,1.7425,0.0000,0.0000,218.5683,1.7425,0.0000,0.0000,0.0000,0.0000,0.0000,0.0000,4.8571,0.0387,0.0000,0.0000,19.4283,0.1549,0.0000,0.0000,0.0000,7.1000,0.0000,0.0000,0.0000,0.0000,0.0000,0.0000,0.0000,0.0000,0.0000,5.8850,2.2445,0.0000,0.0000,0.0729,0.0058,0.0000,0.0000,242.8537,6.9148,0.0000,0.0000,218.5683,0.0000,0.0000,0.0000,0.0000,0.0000,0.0000,0.0000,0.0000,0.0000,0.0000,0.0000,20.7404,0.4297,0.0000,0.0000,127.4056,2.6397,0.0000,0.0000,2.4002,0.0505,0.0000,0.0000,14.7441,0.3099,0.0000,0.0000
2029.75,295,'C620',519.9014,120.1414,6.3232,285.9458,8.3479,0.0000,0.0000,0.0000,0.0000,0.0000,0.0000,0.0000,0.0000,0.0000,0.0000,0.0000,0.0000,0.0000,0.0000,46.7911,0.4675,0.0000,0.0000,187.1645,1.8699,0.0000,0.0000,0.0000,14.0000,0.0000,0.0000,0.0000,0.0000,0.0000,0.0000,0.0000,0.0000,0.0000,27.4027,3.2719,0.0000,0.0000,0.7492,0.0594,0.0000,0.0000,285.9458,8.3479,0.0000,0.0000,0.0000,0.0000,0.0000,0.0000,0.0000,0.0000,0.0000,0.0000,0.0000,0.0000,0.0000,0.0000,14.5370,0.3183,0.0000,0.0000,89.2989,1.9554,0.0000,0.0000,2.7702,0.0603,0.0000,0.0000,17.0171,0.3704,0.0000,0.0000
2030.67,273,'SYBN106',414.9214,61.4272,3.2330,165.9686,21.2029,0.0000,0.0000,0.0000,0.0000,0.0000,0.0000,0.0000,0.0000,0.0000,0.0000,0.0000,0.0000,0.0000,0.0000,49.7906,1.5751,0.0000,0.0000,199.1623,6.3003,0.0000,0.0000,0.0000,0.2000,0.0000,0.0000,0.0000,0.0000,0.0000,0.0000,0.0000,0.0000,0.0000,17.5654,0.6335,0.0000,0.0000,0.3135,0.0190,0.0000,0.0000,165.9686,21.2029,0.0000,0.0000,0.0000,0.0000,0.0000,0.0000,0.0000,0.0000,0.0000,0.0000,0.0000,0.0000,0.0000,0.0000,6.0879,0.2496,0.0000,0.0000,37.3970,1.5334,0.0000,0.0000,1.3653,0.0556,0.0000,0.0000,8.3866,0.3413,0.0000,0.0000
2031.50,205,'W337',313.6437,149.4640,7.8665,156.4896,4.9085,0.0000,0.0000,141.4387,1.2429,0.0000,0.0000,141.4387,1.2429,0.0000,0.0000,0.0000,0.0000,0.0000,0.0000,3.1431,0.0276,0.0000,0.0000,12.5723,0.1105,0.0000,0.0000,0.0000,7.1000,0.0000,0.0000,0.0000,0.0000,0.0000,0.0000,0.0000,0.0000,0.0000,13.6452,0.8593,0.0000,0.0000,0.0574,0.0037,0.0000,0.0000,156.4896,4.9085,0.0000,0.0000,141.4387,0.0000,0.0000,0.0000,0.0000,0.0000,0.0000,0.0000,0.0000,0.0000,0.0000,0.0000,19.4114,0.4036,0.0000,0.0000,119.2412,2.4795,0.0000,0.0000,2.2879,0.0479,0.0000,0.0000,14.0542,0.2944,0.0000,0.0000
2032.75,295,'C620',590.2112,131.3277,6.9120,324.6161,9.1517,0.0000,0.0000,0.0000,0.0000,0.0000,0.0000,0.0000,0.0000,0.0000,0.0000,0.0000,0.0000,0.0000,0.0000,53.1190,0.5125,0.0000,0.0000,212.4760,2.0500,0.0000,0.0000,0.0000,14.0000,0.0000,0.0000,0.0000,0.0000,0.0000,0.0000,0.0000,0.0000,0.0000,23.9286,2.1257,0.0000,0.0000,1.1020,0.1005,0.0000,0.0000,324.6161,9.1517,0.0000,0.0000,0.0000,0.0000,0.0000,0.0000,0.0000,0.0000,0.0000,0.0000,0.0000,0.0000,0.0000,0.0000,15.9358,0.3482,0.0000,0.0000,97.8916,2.1389,0.0000,0.0000,2.9894,0.0649,0.0000,0.0000,18.3637,0.3986,0.0000,0.0000
2033.67,273,'SYBN106',373.8194,70.2292,3.6963,148.3034,19.1935,0.0000,0.0000,0.0000,0.0000,0.0000,0.0000,0.0000,0.0000,0.0000,0.0000,0.0000,0.0000,0.0000,0.0000,45.1032,1.4475,0.0000,0.0000,180.4128,5.7899,0.0000,0.0000,0.0000,0.2000,0.0000,0.0000,0.0000,0.0000,0.0000,0.0000,0.0000,0.0000,0.0000,21.8436,3.7741,0.0000,0.0000,0.2220,0.0136,0.0000,0.0000,148.3034,19.1935,0.0000,0.0000,0.0000,0.0000,0.0000,0.0000,0.0000,0.0000,0.0000,0.0000,0.0000,0.0000,0.0000,0.0000,6.8077,0.2794,0.0000,0.0000,41.8189,1.7161,0.0000,0.0000,1.6345,0.0666,0.0000,0.0000,10.0403,0.4092,0.0000,0.0000
2034.50,205,'W337',456.8188,146.4935,7.7102,228.4094,6.5727,0.0000,0.0000,205.5685,1.6563,0.0000,0.0000,205.5685,1.6563,0.0000,0.0000,0.0000,0.0000,0.0000,0.0000,4.5682,0.0368,0.0000,0.0000,18.2728,0.1472,0.0000,0.0000,0.0000,7.1000,0.0000,0.0000,0.0000,0.0000,0.0000,0.0000,0.0000,0.0000,0.0000,16.8915,1.5301,0.0000,0.0000,0.1217,0.0076,0.0000,0.0000,228.4094,6.5727,0.0000,0.0000,205.5685,0.0000,0.0000,0.0000,0.0000,0.0000,0.0000,0.0000,0.0000,0.0000,0.0000,0.0000,18.8878,0.3907,0.0000,0.0000,116.0250,2.4002,0.0000,0.0000,2.4206,0.0507,0.0000,0.0000,14.8692,0.3112,0.0000,0.0000
2035.75,295,'C620',487.3796,121.6530,6.4028,268.0588,7.9272,0.0000,0.0000,0.0000,0.0000,0.0000,0.0000,0.0000,0.0000,0.0000,0.0000,0.0000,0.0000,0.0000,0.0000,43.8642,0.4439,0.0000,0.0000,175.4567,1.7757,0.0000,0.0000,0.0000,14.0000,0.0000,0.0000,0.0000,0.0000,0.0000,0.0000,0.0000,0.0000,0.0000,21.2027,0.7119,0.0000,0.0000,0.2484,0.0176,0.0000,0.0000,268.0588,7.9272,0.0000,0.0000,0.0000,0.0000,0.0000,0.0000,0.0000,0.0000,0.0000,0.0000,0.0000,0.0000,0.0000,0.0000,14.3362,0.3133,0.0000,0.0000,88.0655,1.9246,0.0000,0.0000,3.1313,0.0680,0.0000,0.0000,19.2354,0.4178,0.0000,0.0000
2036.67,273,'SYBN106',415.0000,64.0913,3.3732,165.1798,21.2331,0.0000,0.0000,0.0000,0.0000,0.0000,0.0000,0.0000,0.0000,0.0000,0.0000,0.0000,0.0000,0.0000,0.0000,49.9641,1.5918,0.0000,0.0000,199.8562,6.3670,0.0000,0.0000,0.0000,0.2000,0.0000,0.0000,0.0000,0.0000,0.0000,0.0000,0.0000,0.0000,0.0000,35.2188,5.2312,0.0000,0.0000,0.2995,0.0199,0.0000,0.0000,165.1798,21.2331,0.0000,0.0000,0.0000,0.0000,0.0000,0.0000,0.0000,0.0000,0.0000,0.0000,0.0000,0.0000,0.0000,0.0000,6.5517,0.2692,0.0000,0.0000,40.2463,1.6538,0.0000,0.0000,1.3342,0.0545,0.0000,0.0000,8.1955,0.3347,0.0000,0.0000
2037.50,205,'W337',336.5214,158.7430,8.3549,168.2607,5.0590,0.0000,0.0000,151.4346,1.2749,0.0000,0.0000,151.4346,1.2749,0.0000,0.0000,0.0000,0.0000,0.0000,0.0000,3.3652,0.0283,0.0000,0.0000,13.4609,0.1133,0.0000,0.0000,0.0000,7.1000,0.0000,0.0000,0.0000,0.0000,0.0000,0.0000,0.0000,0.0000,0.0000,25.4663,1.0927,0.0000,0.0000,0.1077,0.0069,0.0000,0.0000,168.2607,5.0590,0.0000,0.0000,151.4346,0.0000,0.0000,0.0000,0.0000,0.0000,0.0000,0.0000,0.0000,0.0000,0.0000,0.0000,20.6928,0.4262,0.0000,0.0000,127.1128,2.6182,0.0000,0.0000,2.4182,0.0505,0.0000,0.0000,14.8547,0.3103,0.0000,0.0000
2038.75,295,'C620',723.7909,162.9323,8.5754,398.0850,10.8144,0.0000,0.0000,0.0000,0.0000,0.0000,0.0000,0.0000,0.0000,0.0000,0.0000,0.0000,0.0000,0.0000,0.0000,65.1412,0.6056,0.0000,0.0000,260.5647,2.4224,0.0000,0.0000,0.0000,14.0000,0.0000,0.0000,0.0000,0.0000,0.0000,0.0000,0.0000,0.0000,0.0000,27.4755,3.2744,0.0000,0.0000,0.5917,0.0532,0.0000,0.0000,398.0850,10.8144,0.0000,0.0000,0.0000,0.0000,0.0000,0.0000,0.0000,0.0000,0.0000,0.0000,0.0000,0.0000,0.0000,0.0000,19.2534,0.4233,0.0000,0.0000,118.2708,2.6002,0.0000,0.0000,4.1701,0.0913,0.0000,0.0000,25.6162,0.5608,0.0000,0.0000
2039.67,273,'SYBN106',443.8756,69.2110,3.6427,177.5502,22.4567,0.0000,0.0000,0.0000,0.0000,0.0000,0.0000,0.0000,0.0000,0.0000,0.0000,0.0000,0.0000,0.0000,0.0000,53.2651,1.6682,0.0000,0.0000,213.0603,6.6728,0.0000,0.0000,0.0000,0.2000,0.0000,0.0000,0.0000,0.0000,0.0000,0.0000,0.0000,0.0000,0.0000,33.2069,2.8909,0.0000,0.0000,0.7584,0.0436,0.0000,0.0000,177.5502,22.4567,0.0000,0.0000,0.0000,0.0000,0.0000,0.0000,0.0000,0.0000,0.0000,0.0000,0.0000,0.0000,0.0000,0.0000,6.9251,0.2834,0.0000,0.0000,42.5398,1.7407,0.0000,0.0000,1.4931,0.0606,0.0000,0.0000,9.1722,0.3725,0.0000,0.0000
2040.50,205,'W337',338.3362,125.7550,6.6187,166.2012,5.2767,0.0000,0.0000,154.9215,1.3838,0.0000,0.0000,154.9215,1.3838,0.0000,0.0000,0.0000,0.0000,0.0000,0.0000,3.4427,0.0308,0.0000,0.0000,13.7708,0.1230,0.0000,0.0000,0.0000,7.1000,0.0000,0.0000,0.0000,0.0000,0.0000,0.0000,0.0000,0.0000,0.0000,17.4586,0.5098,0.0000,0.0000,0.1029,0.0058,0.0000,0.0000,166.2012,5.2767,0.0000,0.0000,154.9215,0.0000,0.0000,0.0000,0.0000,0.0000,0.0000,0.0000,0.0000,0.0000,0.0000,0.0000,15.7351,0.3307,0.0000,0.0000,96.6586,2.0315,0.0000,0.0000,2.4835,0.0526,0.0000,0.0000,15.2557,0.3228,0.0000,0.0000
2041.75,295,'C620',658.0720,140.9539,7.4186,361.9396,10.1522,0.0000,0.0000,0.0000,0.0000,0.0000,0.0000,0.0000,0.0000,0.0000,0.0000,0.0000,0.0000,0.0000,0.0000,59.2265,0.5685,0.0000,0.0000,236.9059,2.2741,0.0000,0.0000,0.0000,14.0000,0.0000,0.0000,0.0000,0.0000,0.0000,0.0000,0.0000,0.0000,0.0000,46.3869,3.6676,0.0000,0.0000,0.8221,0.0592,0.0000,0.0000,361.9396,10.1522,0.0000,0.0000,0.0000,0.0000,0.0000,0.0000,0.0000,0.0000,0.0000,0.0000,0.0000,0.0000,0.0000,0.0000,17.0448,0.3771,0.0000,0.0000,104.7036,2.3167,0.0000,0.0000,3.2621,0.0721,0.0000,0.0000,20.0384,0.4427,0.0000,0.0000
2042.67,273,'SYBN106',410.2161,64.6776,3.4041,164.0864,20.9966,0.0000,0.0000,0.0000,0.0000,0.0000,0.0000,0.0000,0.0000,0.0000,0.0000,0.0000,0.0000,0.0000,0.0000,49.2259,1.5597,0.0000,0.0000,196.9037,6.2390,0.0000,0.0000,0.0000,0.2000,0.0000,0.0000,0.0000,0.0000,0.0000,0.0000,0.0000,0.0000,0.0000,38.0381,3.5720,0.0000,0.0000,0.4535,0.0283,0.0000,0.0000,164.0864,20.9966,0.0000,0.0000,0.0000,0.0000,0.0000,0.0000,0.0000,0.0000,0.0000,0.0000,0.0000,0.0000,0.0000,0.0000,6.7035,0.2749,0.0000,0.0000,41.1787,1.6884,0.0000,0.0000,1.2705,0.0517,0.0000,0.0000,7.8046,0.3179,0.0000,0.0000
2043.50,205,'W337',339.8312,205.2507,10.8027,169.9156,5.0528,0.0000,0.0000,152.9240,1.2733,0.0000,0.0000,152.9240,1.2733,0.0000,0.0000,0.0000,0.0000,0.0000,0.0000,3.3983,0.0283,0.0000,0.0000,13.5932,0.1132,0.0000,0.0000,0.0000,7.1000,0.0000,0.0000,0.0000,0.0000,0.0000,0.0000,0.0000,0.0000,0.0000,34.6284,1.8288,0.0000,0.0000,0.2078,0.0158,0.0000,0.0000,169.9156,5.0528,0.0000,0.0000,152.9240,0.0000,0.0000,0.0000,0.0000,0.0000,0.0000,0.0000,0.0000,0.0000,0.0000,0.0000,26.9341,0.5519,0.0000,0.0000,165.4524,3.3904,0.0000,0.0000,2.9874,0.0623,0.0000,0.0000,18.3514,0.3825,0.0000,0.0000
2044.75,295,'C620',616.1750,134.4686,7.0773,338.8963,9.6420,0.0000,0.0000,0.0000,0.0000,0.0000,0.0000,0.0000,0.0000,0.0000,0.0000,0.0000,0.0000,0.0000,0.0000,55.4558,0.5400,0.0000,0.0000,221.8230,2.1598,0.0000,0.0000,0.0000,14.0000,0.0000,0.0000,0.0000,0.0000,0.0000,0.0000,0.0000,0.0000,0.0000,22.7376,3.0006,0.0000,0.0000,0.3852,0.0321,0.0000,0.0000,338.8963,9.6420,0.0000,0.0000,0.0000,0.0000,0.0000,0.0000,0.0000,0.0000,0.0000,0.0000,0.0000,0.0000,0.0000,0.0000,15.8630,0.3511,0.0000,0.0000,97.4443,2.1565,0.0000,0.0000,3.4673,0.0766,0.0000,0.0000,21.2994,0.4705,0.0000,0.0000
2045.67,273,'SYBN106',305.2142,64.0517,3.3711,121.7578,16.1234,0.0000,0.0000,0.0000,0.0000,0.0000,0.0000,0.0000,0.0000,0.0000,0.0000,0.0000,0.0000,0.0000,0.0000,36.6913,1.2037,0.0000,0.0000,146.7652,4.8148,0.0000,0.0000,0.0000,0.2000,0.0000,0.0000,0.0000,0.0000,0.0000,0.0000,0.0000,0.0000,0.0000,37.9223,4.5067,0.0000,0.0000,0.1470,0.0096,0.0000,0.0000,121.7578,16.1234,0.0000,0.0000,0.0000,0.0000,0.0000,0.0000,0.0000,0.0000,0.0000,0.0000,0.0000,0.0000,0.0000,0.0000,6.4450,0.2645,0.0000,0.0000,39.5909,1.6250,0.0000,0.0000,1.3593,0.0554,0.0000,0.0000,8.3498,0.3405,0.0000,0.0000
2046.50,205,'W337',307.4260,183.4346,9.6545,153.7130,4.7492,0.0000,0.0000,138.3417,1.1968,0.0000,0.0000,138.3417,1.1968,0.0000,0.0000,0.0000,0.0000,0.0000,0.0000,3.0743,0.0266,0.0000,0.0000,12.2970,0.1064,0.0000,0.0000,0.0000,7.1000,0.0000,0.0000,0.0000,0.0000,0.0000,0.0000,0.0000,0.0000,0.0000,37.5047,1.6301,0.0000,0.0000,0.1777,0.0129,0.0000,0.0000,153.7130,4.7492,0.0000,0.0000,138.3417,0.0000,0.0000,0.0000,0.0000,0.0000,0.0000,0.0000,0.0000,0.0000,0.0000,0.0000,23.6227,0.4866,0.0000,0.0000,145.1108,2.9890,0.0000,0.0000,3.0752,0.0644,0.0000,0.0000,18.8904,0.3953,0.0000,0.0000
2047.75,295,'C620',628.4788,144.2640,7.5928,345.5531,9.8054,0.0000,0.0000,0.0000,0.0000,0.0000,0.0000,0.0000,0.0000,0.0000,0.0000,0.0000,0.0000,0.0000,0.0000,56.5851,0.5495,0.0000,0.0000,226.3406,2.1980,0.0000,0.0000,0.0000,14.0000,0.0000,0.0000,0.0000,0.0000,0.0000,0.0000,0.0000,0.0000,0.0000,33.2921,3.2218,0.0000,0.0000,0.7509,0.0518,0.0000,0.0000,345.5531,9.8054,0.0000,0.0000,0.0000,0.0000,0.0000,0.0000,0.0000,0.0000,0.0000,0.0000,0.0000,0.0000,0.0000,0.0000,17.1500,0.3797,0.0000,0.0000,105.3498,2.3323,0.0000,0.0000,3.6063,0.0797,0.0000,0.0000,22.1529,0.4897,0.0000,0.0000
2048.67,273,'SYBN106',435.5936,70.4572,3.7083,174.2166,22.1860,0.0000,0.0000,0.0000,0.0000,0.0000,0.0000,0.0000,0.0000,0.0000,0.0000,0.0000,0.0000,0.0000,0.0000,52.2754,1.6485,0.0000,0.0000,209.1016,6.5939,0.0000,0.0000,0.0000,0.2000,0.0000,0.0000,0.0000,0.0000,0.0000,0.0000,0.0000,0.0000,0.0000,38.8811,1.6701,0.0000,0.0000,0.5200,0.0331,0.0000,0.0000,174.2166,22.1860,0.0000,0.0000,0.0000,0.0000,0.0000,0.0000,0.0000,0.0000,0.0000,0.0000,0.0000,0.0000,0.0000,0.0000,7.0553,0.2899,0.0000,0.0000,43.3400,1.7807,0.0000,0.0000,1.5252,0.0622,0.0000,0.0000,9.3691,0.3823,0.0000,0.0000
2049.50,205,'W337',431.5581,132.8331,6.9912,212.8920,6.6919,0.0000,0.0000,196.7995,1.7384,0.0000,0.0000,196.7995,1.7384,0.0000,0.0000,0.0000,0.0000,0.0000,0.0000,4.3733,0.0386,0.0000,0.0000,17.4933,0.1545,0.0000,0.0000,0.0000,7.1000,0.0000,0.0000,0.0000,0.0000,0.0000,0.0000,0.0000,0.0000,0.0000,11.3749,0.6972,0.0000,0.0000,0.1612,0.0110,0.0000,0.0000,212.8920,6.6919,0.0000,0.0000,196.7995,0.0000,0.0000,0.0000,0.0000,0.0000,0.0000,0.0000,0.0000,0.0000,0.0000,0.0000,17.0884,0.3667,0.0000,0.0000,104.9716,2.2525,0.0000,0.0000,2.1768,0.0472,0.0000,0.0000,13.3718,0.2901,0.0000,0.0000
2050.75,295,'C620',547.5815,112.4903,5.9205,301.1699,8.8499,0.0000,0.0000,0.0000,0.0000,0.0000,0.0000,0.0000,0.0000,0.0000,0.0000,0.0000,0.0000,0.0000,0.0000,49.2823,0.4956,0.0000,0.0000,197.1293,1.9824,0.0000,0.0000,0.0000,14.0000,0.0000,0.0000,0.0000,0.0000,0.0000,0.0000,0.0000,0.0000,0.0000,24.6143,5.4981,0.0000,0.0000,0.3127,0.0302,0.0000,0.0000,301.1699,8.8499,0.0000,0.0000,0.0000,0.0000,0.0000,0.0000,0.0000,0.0000,0.0000,0.0000,0.0000,0.0000,0.0000,0.0000,13.8036,0.3059,0.0000,0.0000,84.7933,1.8790,0.0000,0.0000,2.4196,0.0536,0.0000,0.0000,14.8635,0.3290,0.0000,0.0000
2051.67,273,'SYBN106',440.3662,61.3435,3.2286,176.1465,22.4432,0.0000,0.0000,0.0000,0.0000,0.0000,0.0000,0.0000,0.0000,0.0000,0.0000,0.0000,0.0000,0.0000,0.0000,52.8439,1.6672,0.0000,0.0000,211.3758,6.6688,0.0000,0.0000,0.0000,0.2000,0.0000,0.0000,0.0000,0.0000,0.0000,0.0000,0.0000,0.0000,0.0000,16.5263,1.5773,0.0000,0.0000,0.3329,0.0196,0.0000,0.0000,176.1465,22.4432,0.0000,0.0000,0.0000,0.0000,0.0000,0.0000,0.0000,0.0000,0.0000,0.0000,0.0000,0.0000,0.0000,0.0000,6.2112,0.2549,0.0000,0.0000,38.1544,1.5656,0.0000,0.0000,1.2963,0.0529,0.0000,0.0000,7.9632,0.3247,0.0000,0.0000
2052.50,205,'W337',281.4076,166.8053,8.7792,140.7038,4.4604,0.0000,0.0000,126.6334,1.1240,0.0000,0.0000,126.6334,1.1240,0.0000,0.0000,0.0000,0.0000,0.0000,0.0000,2.8141,0.0250,0.0000,0.0000,11.2563,0.0999,0.0000,0.0000,0.0000,7.1000,0.0000,0.0000,0.0000,0.0000,0.0000,0.0000,0.0000,0.0000,0.0000,12.4882,0.7768,0.0000,0.0000,0.1036,0.0073,0.0000,0.0000,140.7038,4.4604,0.0000,0.0000,126.6334,0.0000,0.0000,0.0000,0.0000,0.0000,0.0000,0.0000,0.0000,0.0000,0.0000,0.0000,21.9537,0.4540,0.0000,0.0000,134.8583,2.7891,0.0000,0.0000,2.3386,0.0491,0.0000,0.0000,14.3655,0.3014,0.0000,0.0000
2053.75,295,'C620',536.9575,124.1730,6.5354,295.3266,8.7579,0.0000,0.0000,0.0000,0.0000,0.0000,0.0000,0.0000,0.0000,0.0000,0.0000,0.0000,0.0000,0.0000,0.0000,48.3262,0.4904,0.0000,0.0000,193.3047,1.9618,0.0000,0.0000,0.0000,14.0000,0.0000,0.0000,0.0000,0.0000,0.0000,0.0000,0.0000,0.0000,0.0000,17.7064,2.0074,0.0000,0.0000,0.3023,0.0280,0.0000,0.0000,295.3266,8.7579,0.0000,0.0000,0.0000,0.0000,0.0000,0.0000,0.0000,0.0000,0.0000,0.0000,0.0000,0.0000,0.0000,0.0000,15.2300,0.3381,0.0000,0.0000,93.5555,2.0772,0.0000,0.0000,2.6768,0.0594,0.0000,0.0000,16.4433,0.3650,0.0000,0.0000
2054.67,273,'SYBN106',364.2602,62.8746,3.3092,145.7041,19.0935,0.0000,0.0000,0.0000,0.0000,0.0000,0.0000,0.0000,0.0000,0.0000,0.0000,0.0000,0.0000,0.0000,0.0000,43.7112,1.4184,0.0000,0.0000,174.8449,5.6735,0.0000,0.0000,0.0000,0.2000,0.0000,0.0000,0.0000,0.0000,0.0000,0.0000,0.0000,0.0000,0.0000,23.7892,5.4581,0.0000,0.0000,0.1069,0.0081,0.0000,0.0000,145.7041,19.0935,0.0000,0.0000,0.0000,0.0000,0.0000,0.0000,0.0000,0.0000,0.0000,0.0000,0.0000,0.0000,0.0000,0.0000,6.3006,0.2600,0.0000,0.0000,38.7037,1.5972,0.0000,0.0000,1.3668,0.0561,0.0000,0.0000,8.3960,0.3448,0.0000,0.0000
2055.50,205,'W337',379.1371,169.0275,8.8962,189.4065,5.9258,0.0000,0.0000,170.7575,1.4962,0.0000,0.0000,170.7575,1.4962,0.0000,0.0000,0.0000,0.0000,0.0000,0.0000,3.7946,0.0332,0.0000,0.0000,15.1784,0.1330,0.0000,0.0000,0.0000,7.1000,0.0000,0.0000,0.0000,0.0000,0.0000,0.0000,0.0000,0.0000,0.0000,5.6204,0.7771,0.0000,0.0000,0.0589,0.0042,0.0000,0.0000,189.4065,5.9258,0.0000,0.0000,170.7575,0.0000,0.0000,0.0000,0.0000,0.0000,0.0000,0.0000,0.0000,0.0000,0.0000,0.0000,21.6606,0.4590,0.0000,0.0000,133.0580,2.8195,0.0000,0.0000,2.8388,0.0609,0.0000,0.0000,17.4382,0.3739,0.0000,0.0000
2056.75,295,'C620',593.2979,122.1111,6.4269,326.3139,9.3078,0.0000,0.0000,0.0000,0.0000,0.0000,0.0000,0.0000,0.0000,0.0000,0.0000,0.0000,0.0000,0.0000,0.0000,53.3968,0.5212,0.0000,0.0000,213.5872,2.0849,0.0000,0.0000,0.0000,14.0000,0.0000,0.0000,0.0000,0.0000,0.0000,0.0000,0.0000,0.0000,0.0000,13.8938,2.6575,0.0000,0.0000,0.8886,0.0816,0.0000,0.0000,326.3139,9.3078,0.0000,0.0000,0.0000,0.0000,0.0000,0.0000,0.0000,0.0000,0.0000,0.0000,0.0000,0.0000,0.0000,0.0000,14.9810,0.3301,0.0000,0.0000,92.0263,2.0276,0.0000,0.0000,2.6331,0.0578,0.0000,0.0000,16.1745,0.3552,0.0000,0.0000
2057.67,273,'SYBN106',365.2107,60.5034,3.1844,145.8185,18.9669,0.0000,0.0000,0.0000,0.0000,0.0000,0.0000,0.0000,0.0000,0.0000,0.0000,0.0000,0.0000,0.0000,0.0000,43.8784,1.4137,0.0000,0.0000,175.5137,5.6548,0.0000,0.0000,0.0000,0.2000,0.0000,0.0000,0.0000,0.0000,0.0000,0.0000,0.0000,0.0000,0.0000,33.2158,4.9494,0.0000,0.0000,0.6359,0.0440,0.0000,0.0000,145.8185,18.9669,0.0000,0.0000,0.0000,0.0000,0.0000,0.0000,0.0000,0.0000,0.0000,0.0000,0.0000,0.0000,0.0000,0.0000,6.1890,0.2541,0.0000,0.0000,38.0180,1.5610,0.0000,0.0000,1.2415,0.0507,0.0000,0.0000,7.6266,0.3113,0.0000,0.0000
2058.50,205,'W337',321.4822,145.1391,7.6389,160.7411,5.1211,0.0000,0.0000,144.6670,1.2905,0.0000,0.0000,144.6670,1.2905,0.0000,0.0000,0.0000,0.0000,0.0000,0.0000,3.2148,0.0287,0.0000,0.0000,12.8593,0.1147,0.0000,0.0000,0.0000,7.1000,0.0000,0.0000,0.0000,0.0000,0.0000,0.0000,0.0000,0.0000,0.0000,10.9480,0.3795,0.0000,0.0000,0.0511,0.0033,0.0000,0.0000,160.7411,5.1211,0.0000,0.0000,144.6670,0.0000,0.0000,0.0000,0.0000,0.0000,0.0000,0.0000,0.0000,0.0000,0.0000,0.0000,18.6188,0.3910,0.0000,0.0000,114.3725,2.4016,0.0000,0.0000,2.4248,0.0514,0.0000,0.0000,14.8950,0.3157,0.0000,0.0000
2059.75,295,'C620',375.7799,98.9920,5.2101,203.9406,6.7488,0.0000,0.0000,0.0000,0.0000,0.0000,0.0000,0.0000,0.0000,0.0000,0.0000,0.0000,0.0000,0.0000,0.0000,34.3678,0.3895,0.0000,0.0000,137.4714,1.5580,0.0000,0.0000,0.0000,14.0000,0.0000,0.0000,0.0000,0.0000,0.0000,0.0000,0.0000,0.0000,0.0000,17.2030,3.4036,0.0000,0.0000,0.7671,0.0632,0.0000,0.0000,203.9406,6.7488,0.0000,0.0000,0.0000,0.0000,0.0000,0.0000,0.0000,0.0000,0.0000,0.0000,0.0000,0.0000,0.0000,0.0000,11.9586,0.2652,0.0000,0.0000,73.4601,1.6288,0.0000,0.0000,2.2941,0.0508,0.0000,0.0000,14.0924,0.3121,0.0000,0.0000
2060.67,273,'SYBN106',433.3936,67.2786,3.5410,172.4858,22.1611,0.0000,0.0000,0.0000,0.0000,0.0000,0.0000,0.0000,0.0000,0.0000,0.0000,0.0000,0.0000,0.0000,0.0000,52.1816,1.6616,0.0000,0.0000,208.7262,6.6464,0.0000,0.0000,0.0000,0.2000,0.0000,0.0000,0.0000,0.0000,0.0000,0.0000,0.0000,0.0000,0.0000,28.2872,2.9425,0.0000,0.0000,1.0460,0.0865,0.0000,0.0000,172.4858,22.1611,0.0000,0.0000,0.0000,0.0000,0.0000,0.0000,0.0000,0.0000,0.0000,0.0000,0.0000,0.0000,0.0000,0.0000,6.8814,0.2834,0.0000,0.0000,42.2714,1.7406,0.0000,0.0000,1.3858,0.0567,0.0000,0.0000,8.5127,0.3485,0.0000,0.0000
2061.50,205,'W337',357.3011,151.9194,7.9958,178.6505,5.8106,0.0000,0.0000,160.7855,1.4643,0.0000,0.0000,160.7855,1.4643,0.0000,0.0000,0.0000,0.0000,0.0000,0.0000,3.5730,0.0325,0.0000,0.0000,14.2920,0.1302,0.0000,0.0000,0.0000,7.1000,0.0000,0.0000,0.0000,0.0000,0.0000,0.0000,0.0000,0.0000,0.0000,15.9977,1.0288,0.0000,0.0000,0.1036,0.0074,0.0000,0.0000,178.6505,5.8106,0.0000,0.0000,160.7855,0.0000,0.0000,0.0000,0.0000,0.0000,0.0000,0.0000,0.0000,0.0000,0.0000,0.0000,19.4308,0.4164,0.0000,0.0000,119.3609,2.5578,0.0000,0.0000,2.6087,0.0564,0.0000,0.0000,16.0251,0.3464,0.0000,0.0000
2062.75,295,'C620',565.9735,139.1507,7.3237,311.2854,9.0033,0.0000,0.0000,0.0000,0.0000,0.0000,0.0000,0.0000,0.0000,0.0000,0.0000,0.0000,0.0000,0.0000,0.0000,50.9376,0.5042,0.0000,0.0000,203.7505,2.0167,0.0000,0.0000,0.0000,14.0000,0.0000,0.0000,0.0000,0.0000,0.0000,0.0000,0.0000,0.0000,0.0000,20.8921,3.3044,0.0000,0.0000,0.4084,0.0396,0.0000,0.0000,311.2854,9.0033,0.0000,0.0000,0.0000,0.0000,0.0000,0.0000,0.0000,0.0000,0.0000,0.0000,0.0000,0.0000,0.0000,0.0000,16.6889,0.3684,0.0000,0.0000,102.5178,2.2630,0.0000,0.0000,3.3345,0.0734,0.0000,0.0000,20.4831,0.4510,0.0000,0.0000
2063.67,273,'SYBN106',332.1034,62.7806,3.3042,130.0029,17.2347,0.0000,0.0000,0.0000,0.0000,0.0000,0.0000,0.0000,0.0000,0.0000,0.0000,0.0000,0.0000,0.0000,0.0000,40.4201,1.3316,0.0000,0.0000,161.6804,5.3265,0.0000,0.0000,0.0000,0.2000,0.0000,0.0000,0.0000,0.0000,0.0000,0.0000,0.0000,0.0000,0.0000,27.3658,0.6948,0.0000,0.0000,0.3413,0.0230,0.0000,0.0000,130.0029,17.2347,0.0000,0.0000,0.0000,0.0000,0.0000,0.0000,0.0000,0.0000,0.0000,0.0000,0.0000,0.0000,0.0000,0.0000,6.0776,0.2495,0.0000,0.0000,37.3335,1.5325,0.0000,0.0000,1.3908,0.0567,0.0000,0.0000,8.5437,0.3484,0.0000,0.0000
2064.50,205,'W337',313.7657,187.0196,9.8431,152.8992,4.8150,0.0000,0.0000,144.7799,1.2852,0.0000,0.0000,144.7799,1.2852,0.0000,0.0000,0.0000,0.0000,0.0000,0.0000,3.2173,0.0286,0.0000,0.0000,12.8693,0.1142,0.0000,0.0000,0.0000,7.1000,0.0000,0.0000,0.0000,0.0000,0.0000,0.0000,0.0000,0.0000,0.0000,25.3247,1.6673,0.0000,0.0000,0.1252,0.0091,0.0000,0.0000,152.8992,4.8150,0.0000,0.0000,144.7799,0.0000,0.0000,0.0000,0.0000,0.0000,0.0000,0.0000,0.0000,0.0000,0.0000,0.0000,24.4412,0.5080,0.0000,0.0000,150.1387,3.1208,0.0000,0.0000,2.7930,0.0590,0.0000,0.0000,17.1570,0.3625,0.0000,0.0000
2065.75,295,'C620',502.0505,117.4510,6.1816,276.1278,8.3320,0.0000,0.0000,0.0000,0.0000,0.0000,0.0000,0.0000,0.0000,0.0000,0.0000,0.0000,0.0000,0.0000,0.0000,45.1846,0.4666,0.0000,0.0000,180.7382,1.8664,0.0000,0.0000,0.0000,14.0000,0.0000,0.0000,0.0000,0.0000,0.0000,0.0000,0.0000,0.0000,0.0000,27.0018,2.3051,0.0000,0.0000,0.9872,0.0672,0.0000,0.0000,276.1278,8.3320,0.0000,0.0000,0.0000,0.0000,0.0000,0.0000,0.0000,0.0000,0.0000,0.0000,0.0000,0.0000,0.0000,0.0000,14.3350,0.3182,0.0000,0.0000,88.0577,1.9549,0.0000,0.0000,2.5898,0.0575,0.0000,0.0000,15.9088,0.3530,0.0000,0.0000
2066.67,273,'SYBN106',511.4659,80.1421,4.2180,204.5863,25.8368,0.0000,0.0000,0.0000,0.0000,0.0000,0.0000,0.0000,0.0000,0.0000,0.0000,0.0000,0.0000,0.0000,0.0000,61.3759,1.9193,0.0000,0.0000,245.5037,7.6772,0.0000,0.0000,0.0000,0.2000,0.0000,0.0000,0.0000,0.0000,0.0000,0.0000,0.0000,0.0000,0.0000,32.1503,5.5659,0.0000,0.0000,0.4775,0.0345,0.0000,0.0000,204.5863,25.8368,0.0000,0.0000,0.0000,0.0000,0.0000,0.0000,0.0000,0.0000,0.0000,0.0000,0.0000,0.0000,0.0000,0.0000,7.8399,0.3233,0.0000,0.0000,48.1593,1.9857,0.0000,0.0000,1.8261,0.0749,0.0000,0.0000,11.2176,0.4601,0.0000,0.0000
2067.50,205,'W337',396.0411,167.2036,8.8002,198.0205,5.9400,0.0000,0.0000,178.2185,1.4969,0.0000,0.0000,178.2185,1.4969,0.0000,0.0000,0.0000,0.0000,0.0000,0.0000,3.9604,0.0333,0.0000,0.0000,15.8417,0.1331,0.0000,0.0000,0.0000,7.1000,0.0000,0.0000,0.0000,0.0000,0.0000,0.0000,0.0000,0.0000,0.0000,24.7478,1.9159,0.0000,0.0000,0.1460,0.0102,0.0000,0.0000,198.0205,5.9400,0.0000,0.0000,178.2185,0.0000,0.0000,0.0000,0.0000,0.0000,0.0000,0.0000,0.0000,0.0000,0.0000,0.0000,21.5708,0.4474,0.0000,0.0000,132.5066,2.7480,0.0000,0.0000,2.7577,0.0577,0.0000,0.0000,16.9402,0.3547,0.0000,0.0000
2068.75,295,'C620',287.5120,88.5736,4.6618,154.7771,5.6897,0.0000,0.0000,0.0000,0.0000,0.0000,0.0000,0.0000,0.0000,0.0000,0.0000,0.0000,0.0000,0.0000,0.0000,26.5470,0.3343,0.0000,0.0000,106.1879,1.3373,0.0000,0.0000,0.0000,14.0000,0.0000,0.0000,0.0000,0.0000,0.0000,0.0000,0.0000,0.0000,0.0000,19.0791,1.4326,0.0000,0.0000,0.7700,0.0481,0.0000,0.0000,154.7771,5.6897,0.0000,0.0000,0.0000,0.0000,0.0000,0.0000,0.0000,0.0000,0.0000,0.0000,0.0000,0.0000,0.0000,0.0000,10.3340,0.2296,0.0000,0.0000,63.4801,1.4107,0.0000,0.0000,2.3579,0.0524,0.0000,0.0000,14.4840,0.3219,0.0000,0.0000
2069.67,273,'SYBN106',455.3033,67.0574,3.5293,180.7525,23.3749,0.0000,0.0000,0.0000,0.0000,0.0000,0.0000,0.0000,0.0000,0.0000,0.0000,0.0000,0.0000,0.0000,0.0000,54.9102,1.7607,0.0000,0.0000,219.6406,7.0426,0.0000,0.0000,0.0000,0.2000,0.0000,0.0000,0.0000,0.0000,0.0000,0.0000,0.0000,0.0000,0.0000,44.1083,7.5952,0.0000,0.0000,0.3279,0.0307,0.0000,0.0000,180.7525,23.3749,0.0000,0.0000,0.0000,0.0000,0.0000,0.0000,0.0000,0.0000,0.0000,0.0000,0.0000,0.0000,0.0000,0.0000,6.8130,0.2821,0.0000,0.0000,41.8510,1.7327,0.0000,0.0000,1.3992,0.0577,0.0000,0.0000,8.5949,0.3547,0.0000,0.0000
2070.50,205,'W337',365.8166,208.8392,10.9915,182.9083,5.5902,0.0000,0.0000,164.6175,1.4087,0.0000,0.0000,164.6175,1.4087,0.0000,0.0000,0.0000,0.0000,0.0000,0.0000,3.6582,0.0313,0.0000,0.0000,14.6327,0.1252,0.0000,0.0000,0.0000,7.1000,0.0000,0.0000,0.0000,0.0000,0.0000,0.0000,0.0000,0.0000,0.0000,22.7566,0.9044,0.0000,0.0000,0.0942,0.0074,0.0000,0.0000,182.9083,5.5902,0.0000,0.0000,164.6175,0.0000,0.0000,0.0000,0.0000,0.0000,0.0000,0.0000,0.0000,0.0000,0.0000,0.0000,27.3999,0.5711,0.0000,0.0000,168.3134,3.5080,0.0000,0.0000,3.0573,0.0647,0.0000,0.0000,18.7805,0.3975,0.0000,0.0000
2071.75,295,'C620',652.6992,134.6605,7.0874,358.9846,10.0486,0.0000,0.0000,0.0000,0.0000,0.0000,0.0000,0.0000,0.0000,0.0000,0.0000,0.0000,0.0000,0.0000,0.0000,58.7429,0.5627,0.0000,0.0000,234.9717,2.2509,0.0000,0.0000,0.0000,14.0000,0.0000,0.0000,0.0000,0.0000,0.0000,0.0000,0.0000,0.0000,0.0000,45.7820,6.6536,0.0000,0.0000,0.8828,0.0858,0.0000,0.0000,358.9846,10.0486,0.0000,0.0000,0.0000,0.0000,0.0000,0.0000,0.0000,0.0000,0.0000,0.0000,0.0000,0.0000,0.0000,0.0000,16.3097,0.3600,0.0000,0.0000,100.1880,2.2115,0.0000,0.0000,3.0960,0.0682,0.0000,0.0000,19.0182,0.4187,0.0000,0.0000
2072.67,273,'SYBN106',455.3949,68.9937,3.6312,182.1580,23.1153,0.0000,0.0000,0.0000,0.0000,0.0000,0.0000,0.0000,0.0000,0.0000,0.0000,0.0000,0.0000,0.0000,0.0000,54.6474,1.7171,0.0000,0.0000,218.5896,6.8686,0.0000,0.0000,0.0000,0.2000,0.0000,0.0000,0.0000,0.0000,0.0000,0.0000,0.0000,0.0000,0.0000,27.9935,2.6719,0.0000,0.0000,0.3422,0.0207,0.0000,0.0000,182.1580,23.1153,0.0000,0.0000,0.0000,0.0000,0.0000,0.0000,0.0000,0.0000,0.0000,0.0000,0.0000,0.0000,0.0000,0.0000,6.7867,0.2787,0.0000,0.0000,41.6895,1.7119,0.0000,0.0000,1.5538,0.0634,0.0000,0.0000,9.5447,0.3894,0.0000,0.0000
2073.50,205,'W337',465.3296,147.1625,7.7454,232.6648,6.8676,0.0000,0.0000,209.3983,1.7306,0.0000,0.0000,209.3983,1.7306,0.0000,0.0000,0.0000,0.0000,0.0000,0.0000,4.6533,0.0385,0.0000,0.0000,18.6132,0.1538,0.0000,0.0000,0.0000,7.1000,0.0000,0.0000,0.0000,0.0000,0.0000,0.0000,0.0000,0.0000,0.0000,30.0999,1.5467,0.0000,0.0000,0.0712,0.0042,0.0000,0.0000,232.6648,6.8676,0.0000,0.0000,209.3983,0.0000,0.0000,0.0000,0.0000,0.0000,0.0000,0.0000,0.0000,0.0000,0.0000,0.0000,18.9304,0.3961,0.0000,0.0000,116.2869,2.4334,0.0000,0.0000,2.4589,0.0520,0.0000,0.0000,15.1044,0.3192,0.0000,0.0000
2074.75,295,'C620',638.9450,148.5045,7.8160,351.4198,9.6577,0.0000,0.0000,0.0000,0.0000,0.0000,0.0000,0.0000,0.0000,0.0000,0.0000,0.0000,0.0000,0.0000,0.0000,57.5050,0.5408,0.0000,0.0000,230.0202,2.1633,0.0000,0.0000,0.0000,14.0000,0.0000,0.0000,0.0000,0.0000,0.0000,0.0000,0.0000,0.0000,0.0000,40.2328,1.8567,0.0000,0.0000,0.9948,0.0866,0.0000,0.0000,351.4198,9.6577,0.0000,0.0000,0.0000,0.0000,0.0000,0.0000,0.0000,0.0000,0.0000,0.0000,0.0000,0.0000,0.0000,0.0000,17.6058,0.3833,0.0000,0.0000,108.1499,2.3546,0.0000,0.0000,3.7523,0.0810,0.0000,0.0000,23.0497,0.4978,0.0000,0.0000
2075.67,273,'SYBN106',419.9960,68.4258,3.6014,167.9984,21.4984,0.0000,0.0000,0.0000,0.0000,0.0000,0.0000,0.0000,0.0000,0.0000,0.0000,0.0000,0.0000,0.0000,0.0000,50.3995,1.5970,0.0000,0.0000,201.5981,6.3881,0.0000,0.0000,0.0000,0.2000,0.0000,0.0000,0.0000,0.0000,0.0000,0.0000,0.0000,0.0000,0.0000,39.9631,3.7009,0.0000,0.0000,0.2806,0.0175,0.0000,0.0000,167.9984,21.4984,0.0000,0.0000,0.0000,0.0000,0.0000,0.0000,0.0000,0.0000,0.0000,0.0000,0.0000,0.0000,0.0000,0.0000,6.8740,0.2825,0.0000,0.0000,42.2257,1.7353,0.0000,0.0000,1.4813,0.0605,0.0000,0.0000,9.0993,0.3717,0.0000,0.0000
2076.50,205,'W337',357.4439,152.7642,8.0402,178.7219,5.4548,0.0000,0.0000,160.8497,1.3746,0.0000,0.0000,160.8497,1.3746,0.0000,0.0000,0.0000,0.0000,0.0000,0.0000,3.5744,0.0305,0.0000,0.0000,14.2978,0.1222,0.0000,0.0000,0.0000,7.1000,0.0000,0.0000,0.0000,0.0000,0.0000,0.0000,0.0000,0.0000,0.0000,32.5303,1.6755,0.0000,0.0000,0.1385,0.0094,0.0000,0.0000,178.7219,5.4548,0.0000,0.0000,160.8497,0.0000,0.0000,0.0000,0.0000,0.0000,0.0000,0.0000,0.0000,0.0000,0.0000,0.0000,19.7447,0.4102,0.0000,0.0000,121.2892,2.5201,0.0000,0.0000,2.4924,0.0523,0.0000,0.0000,15.3102,0.3214,0.0000,0.0000
2077.75,295,'C620',668.8047,125.7367,6.6177,367.8426,10.3522,0.0000,0.0000,0.0000,0.0000,0.0000,0.0000,0.0000,0.0000,0.0000,0.0000,0.0000,0.0000,0.0000,0.0000,60.1924,0.5797,0.0000,0.0000,240.7697,2.3189,0.0000,0.0000,0.0000,14.0000,0.0000,0.0000,0.0000,0.0000,0.0000,0.0000,0.0000,0.0000,0.0000,17.5664,3.2475,0.0000,0.0000,0.3885,0.0424,0.0000,0.0000,367.8426,10.3522,0.0000,0.0000,0.0000,0.0000,0.0000,0.0000,0.0000,0.0000,0.0000,0.0000,0.0000,0.0000,0.0000,0.0000,14.9473,0.3322,0.0000,0.0000,91.8190,2.0404,0.0000,0.0000,3.1543,0.0701,0.0000,0.0000,19.3767,0.4306,0.0000,0.0000
2078.67,273,'SYBN106',399.3969,59.0211,3.1064,159.7587,20.5487,0.0000,0.0000,0.0000,0.0000,0.0000,0.0000,0.0000,0.0000,0.0000,0.0000,0.0000,0.0000,0.0000,0.0000,47.9276,1.5265,0.0000,0.0000,191.7105,6.1059,0.0000,0.0000,0.0000,0.2000,0.0000,0.0000,0.0000,0.0000,0.0000,0.0000,0.0000,0.0000,0.0000,31.0332,1.2042,0.0000,0.0000,0.3617,0.0208,0.0000,0.0000,159.7587,20.5487,0.0000,0.0000,0.0000,0.0000,0.0000,0.0000,0.0000,0.0000,0.0000,0.0000,0.0000,0.0000,0.0000,0.0000,6.1350,0.2516,0.0000,0.0000,37.6866,1.5457,0.0000,0.0000,1.1501,0.0468,0.0000,0.0000,7.0649,0.2878,0.0000,0.0000
2079.50,205,'W337',467.4265,136.3307,7.1753,233.7133,6.8865,0.0000,0.0000,210.3419,1.7354,0.0000,0.0000,210.3419,1.7354,0.0000,0.0000,0.0000,0.0000,0.0000,0.0000,4.6743,0.0386,0.0000,0.0000,18.6971,0.1543,0.0000,0.0000,0.0000,7.1000,0.0000,0.0000,0.0000,0.0000,0.0000,0.0000,0.0000,0.0000,0.0000,6.1199,0.2027,0.0000,0.0000,0.0747,0.0051,0.0000,0.0000,233.7133,6.8865,0.0000,0.0000,210.3419,0.0000,0.0000,0.0000,0.0000,0.0000,0.0000,0.0000,0.0000,0.0000,0.0000,0.0000,17.7936,0.3718,0.0000,0.0000,109.3035,2.2837,0.0000,0.0000,2.0596,0.0435,0.0000,0.0000,12.6519,0.2670,0.0000,0.0000
2080.75,295,'C620',410.4507,112.0911,5.8995,214.6217,6.9832,0.0000,0.0000,0.0000,0.0000,0.0000,0.0000,0.0000,0.0000,0.0000,0.0000,0.0000,0.0000,0.0000,0.0000,39.1658,0.4368,0.0000,0.0000,156.6632,1.7472,0.0000,0.0000,0.0000,14.0000,0.0000,0.0000,0.0000,0.0000,0.0000,0.0000,0.0000,0.0000,0.0000,14.4327,2.3890,0.0000,0.0000,0.6433,0.0489,0.0000,0.0000,214.6217,6.9832,0.0000,0.0000,0.0000,0.0000,0.0000,0.0000,0.0000,0.0000,0.0000,0.0000,0.0000,0.0000,0.0000,0.0000,13.6414,0.3012,0.0000,0.0000,83.7970,1.8500,0.0000,0.0000,2.5070,0.0552,0.0000,0.0000,15.4000,0.3392,0.0000,0.0000
2081.67,273,'SYBN106',355.5089,58.7423,3.0917,139.4049,18.4700,0.0000,0.0000,0.0000,0.0000,0.0000,0.0000,0.0000,0.0000,0.0000,0.0000,0.0000,0.0000,0.0000,0.0000,43.2208,1.4227,0.0000,0.0000,172.8832,5.6906,0.0000,0.0000,0.0000,0.2000,0.0000,0.0000,0.0000,0.0000,0.0000,0.0000,0.0000,0.0000,0.0000,21.3419,5.8651,0.0000,0.0000,0.2371,0.0181,0.0000,0.0000,139.4049,18.4700,0.0000,0.0000,0.0000,0.0000,0.0000,0.0000,0.0000,0.0000,0.0000,0.0000,0.0000,0.0000,0.0000,0.0000,6.1630,0.2540,0.0000,0.0000,37.8585,1.5602,0.0000,0.0000,1.1256,0.0462,0.0000,0.0000,6.9144,0.2837,0.0000,0.0000
2082.50,205,'W337',351.5977,163.9261,8.6277,175.5929,5.6497,0.0000,0.0000,158.4043,1.4275,0.0000,0.0000,158.4043,1.4275,0.0000,0.0000,0.0000,0.0000,0.0000,0.0000,3.5201,0.0317,0.0000,0.0000,14.0804,0.1269,0.0000,0.0000,0.0000,7.1000,0.0000,0.0000,0.0000,0.0000,0.0000,0.0000,0.0000,0.0000,0.0000,21.4412,2.3815,0.0000,0.0000,0.0957,0.0068,0.0000,0.0000,175.5929,5.6497,0.0000,0.0000,158.4043,0.0000,0.0000,0.0000,0.0000,0.0000,0.0000,0.0000,0.0000,0.0000,0.0000,0.0000,21.0055,0.4483,0.0000,0.0000,129.0337,2.7536,0.0000,0.0000,2.7471,0.0593,0.0000,0.0000,16.8753,0.3642,0.0000,0.0000
2083.75,295,'C620',412.5035,114.9755,6.0513,169.5213,6.2766,0.0000,0.0000,0.0000,0.0000,0.0000,0.0000,0.0000,0.0000,0.0000,0.0000,0.0000,0.0000,0.0000,0.0000,48.5964,0.6035,0.0000,0.0000,194.3858,2.4142,0.0000,0.0000,0.0000,14.0000,0.0000,0.0000,0.0000,0.0000,0.0000,0.0000,0.0000,0.0000,0.0000,7.9489,1.7079,0.0000,0.0000,0.4035,0.0277,0.0000,0.0000,169.5213,6.2766,0.0000,0.0000,0.0000,0.0000,0.0000,0.0000,0.0000,0.0000,0.0000,0.0000,0.0000,0.0000,0.0000,0.0000,13.6715,0.3035,0.0000,0.0000,83.9824,1.8645,0.0000,0.0000,2.8549,0.0633,0.0000,0.0000,17.5370,0.3891,0.0000,0.0000
2084.67,273,'SYBN106',416.4994,58.4533,3.0765,150.3625,20.4046,0.0000,0.0000,0.0000,0.0000,0.0000,0.0000,0.0000,0.0000,0.0000,0.0000,0.0000,0.0000,0.0000,0.0000,53.2274,1.8102,0.0000,0.0000,212.9095,7.2408,0.0000,0.0000,0.0000,0.2000,0.0000,0.0000,0.0000,0.0000,0.0000,0.0000,0.0000,0.0000,0.0000,16.0171,6.2180,0.0000,0.0000,0.6194,0.0514,0.0000,0.0000,150.3625,20.4046,0.0000,0.0000,0.0000,0.0000,0.0000,0.0000,0.0000,0.0000,0.0000,0.0000,0.0000,0.0000,0.0000,0.0000,6.0953,0.2510,0.0000,0.0000,37.4425,1.5418,0.0000,0.0000,1.1420,0.0468,0.0000,0.0000,7.0149,0.2874,0.0000,0.0000
2085.50,205,'W337',404.7452,175.4773,9.2357,202.3726,5.9454,0.0000,0.0000,182.1353,1.4983,0.0000,0.0000,182.1353,1.4983,0.0000,0.0000,0.0000,0.0000,0.0000,0.0000,4.0475,0.0333,0.0000,0.0000,16.1898,0.1332,0.0000,0.0000,0.0000,7.1000,0.0000,0.0000,0.0000,0.0000,0.0000,0.0000,0.0000,0.0000,0.0000,23.4212,1.4502,0.0000,0.0000,0.1090,0.0086,0.0000,0.0000,202.3726,5.9454,0.0000,0.0000,182.1353,0.0000,0.0000,0.0000,0.0000,0.0000,0.0000,0.0000,0.0000,0.0000,0.0000,0.0000,22.8927,0.4726,0.0000,0.0000,140.6266,2.9029,0.0000,0.0000,2.6712,0.0559,0.0000,0.0000,16.4085,0.3432,0.0000,0.0000
2086.75,295,'C620',581.4756,124.9122,6.5743,319.8116,9.2630,0.0000,0.0000,0.0000,0.0000,0.0000,0.0000,0.0000,0.0000,0.0000,0.0000,0.0000,0.0000,0.0000,0.0000,52.3328,0.5187,0.0000,0.0000,209.3312,2.0749,0.0000,0.0000,0.0000,14.0000,0.0000,0.0000,0.0000,0.0000,0.0000,0.0000,0.0000,0.0000,0.0000,13.6379,0.9569,0.0000,0.0000,0.4059,0.0398,0.0000,0.0000,319.8116,9.2630,0.0000,0.0000,0.0000,0.0000,0.0000,0.0000,0.0000,0.0000,0.0000,0.0000,0.0000,0.0000,0.0000,0.0000,14.8867,0.3302,0.0000,0.0000,91.4470,2.0283,0.0000,0.0000,3.0827,0.0683,0.0000,0.0000,18.9369,0.4196,0.0000,0.0000
2087.67,273,'SYBN106',303.8773,57.3377,3.0178,121.5509,16.2054,0.0000,0.0000,0.0000,0.0000,0.0000,0.0000,0.0000,0.0000,0.0000,0.0000,0.0000,0.0000,0.0000,0.0000,36.4653,1.2038,0.0000,0.0000,145.8611,4.8153,0.0000,0.0000,0.0000,0.2000,0.0000,0.0000,0.0000,0.0000,0.0000,0.0000,0.0000,0.0000,0.0000,18.0352,3.9259,0.0000,0.0000,0.2291,0.0178,0.0000,0.0000,121.5509,16.2054,0.0000,0.0000,0.0000,0.0000,0.0000,0.0000,0.0000,0.0000,0.0000,0.0000,0.0000,0.0000,0.0000,0.0000,5.8657,0.2414,0.0000,0.0000,36.0321,1.4826,0.0000,0.0000,1.1805,0.0483,0.0000,0.0000,7.2519,0.2969,0.0000,0.0000
2088.50,205,'W337',462.2477,149.4350,7.8650,231.1238,6.5233,0.0000,0.0000,208.0114,1.6439,0.0000,0.0000,208.0114,1.6439,0.0000,0.0000,0.0000,0.0000,0.0000,0.0000,4.6225,0.0365,0.0000,0.0000,18.4899,0.1461,0.0000,0.0000,0.0000,7.1000,0.0000,0.0000,0.0000,0.0000,0.0000,0.0000,0.0000,0.0000,0.0000,19.6219,1.0818,0.0000,0.0000,0.2322,0.0188,0.0000,0.0000,231.1238,6.5233,0.0000,0.0000,208.0114,0.0000,0.0000,0.0000,0.0000,0.0000,0.0000,0.0000,0.0000,0.0000,0.0000,0.0000,19.4172,0.3991,0.0000,0.0000,119.2773,2.4514,0.0000,0.0000,2.3338,0.0487,0.0000,0.0000,14.3360,0.2991,0.0000,0.0000
2089.75,295,'C620',508.1389,134.2820,7.0675,235.4152,7.6484,0.0000,0.0000,0.0000,0.0000,0.0000,0.0000,0.0000,0.0000,0.0000,0.0000,0.0000,0.0000,0.0000,0.0000,54.5447,0.6037,0.0000,0.0000,218.1790,2.4148,0.0000,0.0000,0.0000,14.0000,0.0000,0.0000,0.0000,0.0000,0.0000,0.0000,0.0000,0.0000,0.0000,16.2329,1.8338,0.0000,0.0000,0.2158,0.0211,0.0000,0.0000,235.4152,7.6484,0.0000,0.0000,0.0000,0.0000,0.0000,0.0000,0.0000,0.0000,0.0000,0.0000,0.0000,0.0000,0.0000,0.0000,15.6467,0.3459,0.0000,0.0000,96.1154,2.1248,0.0000,0.0000,3.6336,0.0802,0.0000,0.0000,22.3206,0.4925,0.0000,0.0000
2090.67,273,'SYBN106',418.6716,70.5162,3.7114,156.4364,20.7618,0.0000,0.0000,0.0000,0.0000,0.0000,0.0000,0.0000,0.0000,0.0000,0.0000,0.0000,0.0000,0.0000,0.0000,52.4470,1.7397,0.0000,0.0000,209.7882,6.9587,0.0000,0.0000,0.0000,0.2000,0.0000,0.0000,0.0000,0.0000,0.0000,0.0000,0.0000,0.0000,0.0000,24.1215,4.9002,0.0000,0.0000,0.4070,0.0301,0.0000,0.0000,156.4364,20.7618,0.0000,0.0000,0.0000,0.0000,0.0000,0.0000,0.0000,0.0000,0.0000,0.0000,0.0000,0.0000,0.0000,0.0000,7.0978,0.2921,0.0000,0.0000,43.6008,1.7943,0.0000,0.0000,1.5023,0.0615,0.0000,0.0000,9.2286,0.3777,0.0000,0.0000
2091.50,205,'W337',408.7607,141.5919,7.4522,204.3804,6.2054,0.0000,0.0000,183.9423,1.5638,0.0000,0.0000,183.9423,1.5638,0.0000,0.0000,0.0000,0.0000,0.0000,0.0000,4.0876,0.0348,0.0000,0.0000,16.3504,0.1390,0.0000,0.0000,0.0000,7.1000,0.0000,0.0000,0.0000,0.0000,0.0000,0.0000,0.0000,0.0000,0.0000,19.7864,0.4919,0.0000,0.0000,0.0897,0.0060,0.0000,0.0000,204.3804,6.2054,0.0000,0.0000,183.9423,0.0000,0.0000,0.0000,0.0000,0.0000,0.0000,0.0000,0.0000,0.0000,0.0000,0.0000,18.0632,0.3791,0.0000,0.0000,110.9598,2.3286,0.0000,0.0000,2.4949,0.0529,0.0000,0.0000,15.3256,0.3248,0.0000,0.0000
2092.75,295,'C620',596.3433,130.8752,6.8882,322.5524,9.3457,0.0000,0.0000,0.0000,0.0000,0.0000,0.0000,0.0000,0.0000,0.0000,0.0000,0.0000,0.0000,0.0000,0.0000,54.7582,0.5434,0.0000,0.0000,219.0327,2.1737,0.0000,0.0000,0.0000,14.0000,0.0000,0.0000,0.0000,0.0000,0.0000,0.0000,0.0000,0.0000,0.0000,44.1954,5.6428,0.0000,0.0000,0.3247,0.0351,0.0000,0.0000,322.5524,9.3457,0.0000,0.0000,0.0000,0.0000,0.0000,0.0000,0.0000,0.0000,0.0000,0.0000,0.0000,0.0000,0.0000,0.0000,15.8157,0.3503,0.0000,0.0000,97.1534,2.1517,0.0000,0.0000,3.0421,0.0673,0.0000,0.0000,18.6869,0.4134,0.0000,0.0000
2093.67,273,'SYBN106',367.9073,62.3151,3.2797,144.0458,18.9535,0.0000,0.0000,0.0000,0.0000,0.0000,0.0000,0.0000,0.0000,0.0000,0.0000,0.0000,0.0000,0.0000,0.0000,44.7723,1.4639,0.0000,0.0000,179.0892,5.8557,0.0000,0.0000,0.0000,0.2000,0.0000,0.0000,0.0000,0.0000,0.0000,0.0000,0.0000,0.0000,0.0000,33.4210,2.0905,0.0000,0.0000,0.2734,0.0183,0.0000,0.0000,144.0458,18.9535,0.0000,0.0000,0.0000,0.0000,0.0000,0.0000,0.0000,0.0000,0.0000,0.0000,0.0000,0.0000,0.0000,0.0000,6.4244,0.2642,0.0000,0.0000,39.4644,1.6230,0.0000,0.0000,1.2435,0.0509,0.0000,0.0000,7.6388,0.3124,0.0000,0.0000
2094.50,205,'W337',518.0406,166.2590,8.7505,258.8243,7.3725,0.0000,0.0000,233.2947,1.8611,0.0000,0.0000,233.2947,1.8611,0.0000,0.0000,0.0000,0.0000,0.0000,0.0000,5.1843,0.0414,0.0000,0.0000,20.7373,0.1654,0.0000,0.0000,0.0000,7.1000,0.0000,0.0000,0.0000,0.0000,0.0000,0.0000,0.0000,0.0000,0.0000,20.8424,1.5784,0.0000,0.0000,0.1749,0.0127,0.0000,0.0000,258.8243,7.3725,0.0000,0.0000,233.2947,0.0000,0.0000,0.0000,0.0000,0.0000,0.0000,0.0000,0.0000,0.0000,0.0000,0.0000,21.2154,0.4406,0.0000,0.0000,130.3232,2.7067,0.0000,0.0000,2.9410,0.0618,0.0000,0.0000,18.0663,0.3799,0.0000,0.0000
2095.75,295,'C620',638.6809,142.4136,7.4955,351.2745,9.7707,0.0000,0.0000,0.0000,0.0000,0.0000,0.0000,0.0000,0.0000,0.0000,0.0000,0.0000,0.0000,0.0000,0.0000,57.4813,0.5472,0.0000,0.0000,229.9251,2.1886,0.0000,0.0000,0.0000,14.0000,0.0000,0.0000,0.0000,0.0000,0.0000,0.0000,0.0000,0.0000,0.0000,34.9636,4.1946,0.0000,0.0000,1.1153,0.0858,0.0000,0.0000,351.2745,9.7707,0.0000,0.0000,0.0000,0.0000,0.0000,0.0000,0.0000,0.0000,0.0000,0.0000,0.0000,0.0000,0.0000,0.0000,17.0311,0.3736,0.0000,0.0000,104.6195,2.2947,0.0000,0.0000,3.4621,0.0755,0.0000,0.0000,21.2674,0.4640,0.0000,0.0000
2096.67,273,'SYBN106',223.4889,53.2836,2.8044,86.4592,12.1372,0.0000,0.0000,0.0000,0.0000,0.0000,0.0000,0.0000,0.0000,0.0000,0.0000,0.0000,0.0000,0.0000,0.0000,27.4059,0.9577,0.0000,0.0000,109.6237,3.8307,0.0000,0.0000,0.0000,0.2000,0.0000,0.0000,0.0000,0.0000,0.0000,0.0000,0.0000,0.0000,0.0000,24.1995,1.3589,0.0000,0.0000,0.1053,0.0069,0.0000,0.0000,86.4592,12.1372,0.0000,0.0000,0.0000,0.0000,0.0000,0.0000,0.0000,0.0000,0.0000,0.0000,0.0000,0.0000,0.0000,0.0000,5.0383,0.2064,0.0000,0.0000,30.9497,1.2678,0.0000,0.0000,1.2313,0.0501,0.0000,0.0000,7.5638,0.3075,0.0000,0.0000
2097.50,205,'W337',327.5997,191.0271,10.0541,159.4132,4.8747,0.0000,0.0000,151.3678,1.3052,0.0000,0.0000,151.3678,1.3052,0.0000,0.0000,0.0000,0.0000,0.0000,0.0000,3.3637,0.0290,0.0000,0.0000,13.4549,0.1160,0.0000,0.0000,0.0000,7.1000,0.0000,0.0000,0.0000,0.0000,0.0000,0.0000,0.0000,0.0000,0.0000,40.2001,1.9355,0.0000,0.0000,0.1730,0.0132,0.0000,0.0000,159.4132,4.8747,0.0000,0.0000,151.3678,0.0000,0.0000,0.0000,0.0000,0.0000,0.0000,0.0000,0.0000,0.0000,0.0000,0.0000,24.8314,0.5096,0.0000,0.0000,152.5360,3.1305,0.0000,0.0000,2.9935,0.0623,0.0000,0.0000,18.3889,0.3829,0.0000,0.0000
2098.75,295,'C620',591.2394,134.1940,7.0628,325.1817,9.3602,0.0000,0.0000,0.0000,0.0000,0.0000,0.0000,0.0000,0.0000,0.0000,0.0000,0.0000,0.0000,0.0000,0.0000,53.2115,0.5242,0.0000,0.0000,212.8462,2.0967,0.0000,0.0000,0.0000,14.0000,0.0000,0.0000,0.0000,0.0000,0.0000,0.0000,0.0000,0.0000,0.0000,31.2106,3.3797,0.0000,0.0000,0.2674,0.0262,0.0000,0.0000,325.1817,9.3602,0.0000,0.0000,0.0000,0.0000,0.0000,0.0000,0.0000,0.0000,0.0000,0.0000,0.0000,0.0000,0.0000,0.0000,16.3597,0.3622,0.0000,0.0000,100.4953,2.2250,0.0000,0.0000,2.9755,0.0658,0.0000,0.0000,18.2778,0.4041,0.0000,0.0000
2099.67,273,'SYBN106',458.3162,64.8424,3.4128,183.3265,23.3028,0.0000,0.0000,0.0000,0.0000,0.0000,0.0000,0.0000,0.0000,0.0000,0.0000,0.0000,0.0000,0.0000,0.0000,54.9979,1.7311,0.0000,0.0000,219.9918,6.9243,0.0000,0.0000,0.0000,0.2000,0.0000,0.0000,0.0000,0.0000,0.0000,0.0000,0.0000,0.0000,0.0000,51.3807,4.9766,0.0000,0.0000,0.8190,0.0529,0.0000,0.0000,183.3265,23.3028,0.0000,0.0000,0.0000,0.0000,0.0000,0.0000,0.0000,0.0000,0.0000,0.0000,0.0000,0.0000,0.0000,0.0000,6.6419,0.2728,0.0000,0.0000,40.8002,1.6759,0.0000,0.0000,1.3315,0.0544,0.0000,0.0000,8.1794,0.3339,0.0000,0.0000
