"Model","Climate_Scenario","Mgmt_Scenario","Scenario_Name","Scenario_Abbrev","SW_20cm_first","SW_20cm_change","SW_40cm_first","SW_40cm_change","SW_60cm_first","SW_60cm_change","DW_20cm_first","DW_20cm_change","DW_40cm_first","DW_40cm_change","DW_60cm_first","DW_60cm_change","DW_0to60cm_first","DW_0to60cm_change","SW_25cm_first","SW_25cm_change","DW_25cm_first","DW_25cm_change","SoilT_20cm_first","SoilT_20cm_change","SoilT_40cm_first","SoilT_40cm_change","SoilT_60cm_first","SoilT_60cm_change","SoilT_25cm_first","SoilT_25cm_change","NO3_20cm_first","NO3_20cm_change","NO3_40cm_first","NO3_40cm_change","NO3_60cm_first","NO3_60cm_change","NO3_0to60cm_first","NO3_0to60cm_change","N2O_20cm_first","N2O_20cm_change","N2O_40cm_first","N2O_40cm_change","N2O_60cm_first","N2O_60cm_change","N2O_0to60cm_first","N2O_0to60cm_change","N2O_profile_first","N2O_profile_change","BC_25cm_first","BC_25cm_change","BN_25cm_first","BN_25cm_change","HC_25cm_first","HC_25cm_change","HN_25cm_first","HN_25cm_change","CinB_25cm_first","CinB_25cm_change","CinH_25cm_first","CinH_25cm_change","CinBtoH_25cm_first","CinBtoH_25cm_change","SOC_25cm_first","SOC_25cm_change","SW_2cm_first","SW_2cm_change","SW_5cm_first","SW_5cm_change","DW_2cm_first","DW_2cm_change","DW_5cm_first","DW_5cm_change","DW_10cm_first","DW_10cm_change","WFPS_2cm_first","WFPS_2cm_change","WFPS_5cm_first","WFPS_5cm_change","WFPS_10cm_first","WFPS_10cm_change","WFPS_20cm_first","WFPS_20cm_change","WFPS_40cm_first","WFPS_40cm_change","WFPS_60cm_first","WFPS_60cm_change","SoilT_2cm_first","SoilT_2cm_change","SoilT_5cm_first","SoilT_5cm_change","SoilT_10cm_first","SoilT_10cm_change","SoilT_15cm_first","SoilT_15cm_change","NO3_2cm_first","NO3_2cm_change","NO3_5cm_first","NO3_5cm_change","NO3_10cm_first","NO3_10cm_change","CH4_first","CH4_change","CI_first","CI_change"
"APSIM",1,3,"1_3","CC-CR","0.237081518911859","0.0161390769798587","0.237997933281397","0.0164833630443702","0.237376719341748","0.0170214857874444","4.74163037823556","0.322781539598799","4.75995866563494","0.329667260880407","4.74753438684824","0.340429715735611","14.2491234306651","0.992878516268467","0.237258571255897","0.0161361807507156","0.0593133131741704","0.00406886081178569","12.2302835117681","0.964678444739642","12.0599581897044","0.926137245974928","11.9007944684565","0.887591576680183","12.1962941418362","0.956448725396706","4889.58088416277","494.780829866017","2592.71231993191","170.882006666942","2238.39740867306","110.384185681987","9720.69061276502","776.04702221767","0.175743346479732","0.278367914291289","0.104456028114265","0.17794406159612","0.106023574858192","0.129480418259306","0.386222949453328","0.585792394145577","1.18943664059732","1.03404779131391","1883.78896770362","-22.1518496826461","235.471239625247","-2.76477909915334","38489.7720590553","3997.77694966792","3207.48242031903","333.148466573425","1.28197940489756","0.159209619205745","0.141306204818953","0.0171610042597212","0.567947269586477","0.0485135046329735","40.2218984501683","3.84145838232375",NA,NA,NA,NA,NA,NA,NA,NA,NA,NA,NA,NA,NA,NA,NA,NA,NA,NA,NA,NA,NA,NA,NA,NA,NA,NA,NA,NA,NA,NA,NA,NA,NA,NA,NA,NA,NA,NA,NA,NA
"APSIM",1,41,"1_41","RF05-CR","0.235508381846285","0.0154371637999167","0.236728371433434","0.0155915955016367","0.23677728166815","0.015591962343243","4.71016763692168","0.308743276002349","4.73456742867251","0.311831910028903","4.73554563337109","0.311839246856772","14.1802806989229","0.932414432930374","0.235751770464411","0.0153148125452894","0.0589373717258372","0.00385714854231432","12.2293128310649","0.964977056901928","12.058775751634","0.925745324531261","11.8990710996509","0.886789824866604","12.1956570569236","0.956080145977584","8042.98918364818","2322.93401942756","3886.90904300302","1724.1426390774","3209.03019308866","1955.44792198363","15138.9284197361","6002.52458049238","0.303014673766166","0.798742178147956","0.116986807503722","0.490154028496966","0.112851859790006","0.362931099151129","0.532853341060604","1.65182730579534","1.70585449784009","3.07700701640448","2125.09138700798","328.331600039039","265.634705352319","41.0422584794651","35352.3483908287","5639.31172002003","2946.02946454753","469.940594127318","1.71171691111454","0.393125845445614","0.187584084770512","0.0441482957161744","0.651922707838143","0.155071691572857","37.3450513517849","5.764806906466",NA,NA,NA,NA,NA,NA,NA,NA,NA,NA,NA,NA,NA,NA,NA,NA,NA,NA,NA,NA,NA,NA,NA,NA,NA,NA,NA,NA,NA,NA,NA,NA,NA,NA,NA,NA,NA,NA,NA,NA
"APSIM",1,42,"1_42","RF15-CR","0.235852321389933","0.0152364448334438","0.23725501513987","0.0152010724391984","0.237257747734328","0.015271135951045","4.71704642779484","0.304728896672698","4.74510030280147","0.304021448779903","4.74515495469455","0.305422719012904","14.2073016852488","0.914173064507565","0.236100144190967","0.0151618717387227","0.0590411890669337","0.00379029935862975","12.2293128310649","0.964977056901928","12.0589078145622","0.925670020427166","11.8991369225607","0.886828118623921","12.1956631477752","0.956124610799872","7264.91819115883","2265.31089866364","3475.11626094714","1610.24708536575","2863.54498482197","1771.92815724899","13603.5794369224","5647.48614128391","0.270334237496233","0.725039606578818","0.110975138950599","0.444403574062584","0.107878968090908","0.324219405207825","0.489188344538634","1.49366258584833","1.58862217286145","2.7408126784469","2083.61240699863","331.780902579041","260.453680203343","41.4698535283712","35345.087899798","5473.44613678804","2945.42192026472","456.121218005747","1.66859701748343","0.372700224852682","0.182456116990996","0.0419986421513777","0.640050683211561","0.155600106385286","37.2936139379017","5.60824024769082",NA,NA,NA,NA,NA,NA,NA,NA,NA,NA,NA,NA,NA,NA,NA,NA,NA,NA,NA,NA,NA,NA,NA,NA,NA,NA,NA,NA,NA,NA,NA,NA,NA,NA,NA,NA,NA,NA,NA,NA
"APSIM",1,43,"1_43","RF25-CR","0.236107621660897","0.0152960859833517","0.237689086990289","0.0150221281341033","0.237833888835883","0.0149270108476283","4.72215243321404","0.305921719670937","4.75378173981015","0.300442562677702","4.75667777672542","0.298540216944802","14.2326119497079","0.904904499335156","0.236424179643916","0.0150991482648692","0.0591230737534399","0.00377760626957162","12.2293591087042","0.964960030324177","12.0589696589","0.925678506978205","11.8991471951915","0.887034159465285","12.1956669980061","0.956173556863501","6598.91503696128","2143.10648198057","3168.26051798366","1436.38304259032","2650.22668771343","1505.21127714851","12417.4022426514","5084.70080172639","0.24479386022935","0.644991207034189","0.108560795363624","0.397202427399627","0.107190331791398","0.284535499559066","0.460544987384824","1.32672913399243","1.52498220925833","2.38831352710265","2034.59467579995","331.814585332133","254.324313886124","41.476858443751","35338.8285089524","5262.31837383362","2944.9022071219","438.529120501705","1.62618364126682","0.3486145905787","0.17759285795002","0.0397727433149093","0.624990303565972","0.155093977458977","37.2347877195072","5.404768669768",NA,NA,NA,NA,NA,NA,NA,NA,NA,NA,NA,NA,NA,NA,NA,NA,NA,NA,NA,NA,NA,NA,NA,NA,NA,NA,NA,NA,NA,NA,NA,NA,NA,NA,NA,NA,NA,NA,NA,NA
"APSIM",1,44,"1_44","RF35-CR","0.236492153870607","0.0152898614430458","0.238089030819748","0.015066273707867","0.238309677940767","0.0149138767466329","4.72984307740892","0.305797228864135","4.76178061639802","0.30132547415428","4.76619355882303","0.298277534924963","14.2578172525881","0.905400237985289","0.236831370998626","0.0150910344375583","0.0592077903839158","0.00379286900560016","12.229446615902","0.9648605446295","12.0591406465955","0.925468706813778","11.8992913328719","0.887047998907676","12.195670794762","0.956222609877614","5995.10389101354","1975.95535997961","2919.97684941901","1286.59463953382","2494.43011659845","1309.81801454213","11409.51085702","4572.36801406653","0.224261818712599","0.560955214538853","0.107899827787613","0.351024362551559","0.108121649764084","0.249821655154544","0.440283296265175","1.16180123224408","1.489268161435","2.07832545960899","1981.61615917185","322.999054392187","247.702732271813","40.3728209542635","35336.8676009907","5007.66348100023","2944.7395428832","417.304212949638","1.58138798265902","0.316661345860667","0.172591028020673","0.0363511765874543","0.608862841716993","0.154597768225929","37.1754130761212","5.1507698539353",NA,NA,NA,NA,NA,NA,NA,NA,NA,NA,NA,NA,NA,NA,NA,NA,NA,NA,NA,NA,NA,NA,NA,NA,NA,NA,NA,NA,NA,NA,NA,NA,NA,NA,NA,NA,NA,NA,NA,NA
"APSIM",1,51,"1_51","RR50-CR","0.233600082694408","0.0166952273604283","0.235284922986744","0.016495863996223","0.23556098509424","0.0163780298112877","4.67200165388305","0.333904547213664","4.705698459738","0.329917279921354","4.71121970189256","0.327560596218003","14.0889198154821","0.991382423384515","0.233950005604061","0.0165127531421664","0.0585051460210851","0.00412390357716463","12.2293406596799","0.964959164022297","12.0587394632055","0.92587454791401","11.8989883571137","0.887011956466218","12.1956905432393","0.956069819871761","7521.88525927273","843.653952764636","3417.31653756233","826.677347842811","2729.96141855121","1073.83849220899","13669.1632154072","2744.16979279549","0.313996526557233","0.583319258064259","0.0816814649230601","0.395564562600959","0.0656683049398681","0.28824798226513","0.461346296421031","1.26713180292948","1.30519112333582","2.25326578958308","1263.53073153729","353.983334886474","157.939500775207","44.2475798316814","31666.0193947037","3048.7370980507","2638.834485231","254.063577690978","0.997273822447501","0.345010512202611","0.108639688739003","0.0383286285645348","0.377718557300842","0.145993210171293","32.7534973328662","3.28818489308824",NA,NA,NA,NA,NA,NA,NA,NA,NA,NA,NA,NA,NA,NA,NA,NA,NA,NA,NA,NA,NA,NA,NA,NA,NA,NA,NA,NA,NA,NA,NA,NA,NA,NA,NA,NA,NA,NA,NA,NA
"APSIM",1,52,"1_52","RR25-CR","0.234340416368281","0.016092581160726","0.235815415320088","0.0160353325017509","0.235961226781807","0.0160439361642532","4.68680832736092","0.321851623219224","4.71630830640532","0.32070665003145","4.71922453564423","0.32087872327697","14.1223411693724","0.963436996565754","0.234665240583662","0.015924428198065","0.0586736309620857","0.00399698845347492","12.22931440859","0.964992784026759","12.0587502278102","0.925815254354246","11.8989969613112","0.886900337195486","12.1956737573011","0.956084509572982","7827.03989525301","1471.35449953771","3653.40806953587","1216.42781863973","2954.35394298203","1482.62519561004","14434.8019077865","4170.40751377187","0.314903931386003","0.678936472575971","0.0923262203521229","0.441625882558566","0.0810732599521904","0.325395020881102","0.488303411691","1.44595737601496","1.45664563852305","2.63855162325673","1594.51517670669","373.734922266976","199.314233363476","46.7180872761803","33035.0225084898","4118.3916002664","2752.91863545328","343.200587863126","1.28748326218862","0.39652139102962","0.139991735906971","0.0452242321138649","0.482630974969881","0.158911954893452","34.471950371426","4.3401208964356",NA,NA,NA,NA,NA,NA,NA,NA,NA,NA,NA,NA,NA,NA,NA,NA,NA,NA,NA,NA,NA,NA,NA,NA,NA,NA,NA,NA,NA,NA,NA,NA,NA,NA,NA,NA,NA,NA,NA,NA
"APSIM",1,53,"1_53","RR00-CR","0.228364891325086","0.0147845678029991","0.228816959262604","0.0148566403869394","0.227596367541963","0.0149054522270062","4.56729782649673","0.29569135606497","4.57633918526037","0.297132807730497","4.55192735084975","0.298109044529634","13.6955643625672","0.890933208364768","0.228442793800207","0.0147741556017667","0.057126204175829","0.00369250290211513","12.2290724055201","0.965042500136382","12.0584731288142","0.925802987089785","11.8983998867159","0.887376963726618","12.1953088516435","0.956455559557714","8901.33385912106","2774.84361108029","4630.64525703604","1831.28879107131","4405.59617193772","1807.50100960753","17937.5752880826","6413.63341177134","0.269403980476364","0.925161072280358","0.129927156835431","0.493661547356444","0.160509777555099","0.364444946400441","0.559840914866882","1.78326756603725","1.98613873848045","3.42401595204224","2203.67503740119","329.422135358041","275.461470307766","41.175147564173","35254.9561267587","5877.12068173235","2937.91404629976","489.759246896783","1.76727786412429","0.398016024018793","0.194091435289518","0.0438412986056072","0.644935090448518","0.155980461094954","37.3305507712784","5.99616986835936",NA,NA,NA,NA,NA,NA,NA,NA,NA,NA,NA,NA,NA,NA,NA,NA,NA,NA,NA,NA,NA,NA,NA,NA,NA,NA,NA,NA,NA,NA,NA,NA,NA,NA,NA,NA,NA,NA,NA,NA
"APSIM",1,54,"1_54","RR50-NT-CR","0.234500382242421","0.0164656252432844","0.23618229101155","0.0162003726596369","0.236392370852386","0.0160823277814661","4.69000764484374","0.329312504870362","4.72364582023483","0.324007453188906","4.72784741705293","0.321646555624119","14.1415008820953","0.974966513719583","0.23487981343044","0.0162656752537306","0.0587325296376866","0.00406480288474528","12.2286665376804","0.964626894424191","12.0570390193149","0.925253532370164","11.8959451985893","0.887150388318517","12.1944219936793","0.95603894315893","7389.03060593295","697.694075160962","3265.05138241018","744.651766907773","2639.4118643677","903.011618705397","13293.4938527182","2345.35746076679","0.340934547354368","0.608701146983483","0.0925410397205881","0.359172074637266","0.071993293004158","0.261419380758912","0.505468880080502","1.22929260237827","1.38649188970319","2.21488819944677","1291.20881445767","272.654449068565","161.401875006196","34.0807382804385","36051.4669994786","2799.96122381862","3004.28588886268","233.333093875771","1.0180318409813","0.405873629213209","0.110103813996475","0.0458233387747072","0.387554943332761","0.12070299097759","37.197831907633","2.97013601144974",NA,NA,NA,NA,NA,NA,NA,NA,NA,NA,NA,NA,NA,NA,NA,NA,NA,NA,NA,NA,NA,NA,NA,NA,NA,NA,NA,NA,NA,NA,NA,NA,NA,NA,NA,NA,NA,NA,NA,NA
"APSIM",1,55,"1_55","RR25-NT-CR","0.235247680021821","0.0160435372373103","0.236687996412381","0.0159536899546349","0.236782416379174","0.0159310131628792","4.7049536004322","0.320870744750429","4.73375992825093","0.319073799089391","4.73564832758986","0.318620263251207","14.1743618562377","0.958564807126276","0.235581389180335","0.015853837953356","0.0588990806369745","0.00398234288010895","12.2286406769614","0.964659733687157","12.0570658907196","0.925199789560603","11.8958979156114","0.887169425572973","12.1944219936793","0.95603894315893","7645.89141301876","1383.80252141266","3454.96224742445","1171.89197041821","2810.64374474962","1359.67927787862","13911.4974051894","3915.37376971295","0.334519450512588","0.721825902600666","0.0980191961828953","0.412902317603927","0.0830422579978987","0.306575982493528","0.515580904694237","1.44130420269727","1.50066100447457","2.68279808168591","1619.36888366795","296.186680361229","202.421271547978","37.0215099624739","37366.8064857279","3885.69642714843","3113.90144893294","323.805943708714","1.30382942919824","0.493304132539363","0.141298643392809","0.0557901754503936","0.491187556202195","0.13757862626582","38.860205866731","4.04119249157042",NA,NA,NA,NA,NA,NA,NA,NA,NA,NA,NA,NA,NA,NA,NA,NA,NA,NA,NA,NA,NA,NA,NA,NA,NA,NA,NA,NA,NA,NA,NA,NA,NA,NA,NA,NA,NA,NA,NA,NA
"APSIM",1,56,"1_56","RR00-NT-CR","0.229398699242109","0.0146278281018049","0.22966841274622","0.0147152893109153","0.228479454952442","0.0147537033878861","4.58797398483849","0.292556562039789","4.59336825493312","0.294305786209593","4.56958909905996","0.295074067746599","13.7509313387884","0.881936416039185","0.229437386043578","0.0145882188491247","0.0573576509788268","0.00368465083694226","12.2291384316371","0.964910447902833","12.0585062782344","0.925585630847067","11.8984436189247","0.887062913206289","12.1953174611886","0.956400576117558","8732.60963962818","2528.49295641156","4451.73441683879","1608.03041104304","4244.57216339017","1500.47047685023","17428.9162198543","5636.99384430769","0.317315864835351","0.931582394197078","0.137366010351953","0.479412616758294","0.162565697777441","0.356433936771453","0.617247572965165","1.7674289477264","2.06209717651996","3.41435738412161","2222.74950175746","283.231533681722","277.846503360916","35.398321639662","40002.69662026","5677.8549893184","3333.55697274581","473.156772981777","1.77093680829586","0.565263845644511","0.19403688500083","0.0632291000893634","0.651471452726444","0.145098068865224","42.0866573664481","5.75990302817339",NA,NA,NA,NA,NA,NA,NA,NA,NA,NA,NA,NA,NA,NA,NA,NA,NA,NA,NA,NA,NA,NA,NA,NA,NA,NA,NA,NA,NA,NA,NA,NA,NA,NA,NA,NA,NA,NA,NA,NA
"APSIM",1,61,"1_61","BC19-CR","0.231641069045762","0.0171143875873735","0.230686105306697","0.0154555839479925","0.228270720553453","0.0148294048143509","4.63282138092628","0.342287751736431","4.61372210614838","0.30911167894541","4.56541441108042","0.296588096275666","13.8119578981068","0.947987527005795","0.231453324288663","0.0167685780078709","0.0578575784473791","0.00419227324118252","12.2290841005973","0.96507575650776","12.058481674188","0.925823660692231","11.8984047369378","0.887405027633436","12.1952858358177","0.956520473384945","8758.72612109458","3122.93673063473","4389.81259856079","2185.19731043685","4187.67002514337","2108.30798597268","17336.208744797","7416.442027046","0.25573407597922","0.954893252875866","0.118767610529528","0.502604507037708","0.151663806265846","0.372967704688917","0.526165492774662","1.83046546460242","1.78081749551683","3.44956780353063","2203.83968383413","348.191440489244","275.477727280708","43.5279102424365","37811.72298864","6169.65102992269","3150.96956094211","514.142147002516","1.75916771050877","0.42826578744334","0.192747929217677","0.0479255917160299","0.643989910841732","0.161661416985343","50.4135363022051","5.01189477907851",NA,NA,NA,NA,NA,NA,NA,NA,NA,NA,NA,NA,NA,NA,NA,NA,NA,NA,NA,NA,NA,NA,NA,NA,NA,NA,NA,NA,NA,NA,NA,NA,NA,NA,NA,NA,NA,NA,NA,NA
"APSIM",1,62,"1_62","BC38-CR","0.234634048897864","0.0171084127773624","0.233119890956225","0.0150649763947557","0.228847814052521","0.0145645682694418","4.69268097797603","0.342168255528514","4.66239781914834","0.301299527871278","4.57695628106185","0.291291365377414","13.9320350781288","0.934759148834608","0.23417672325566","0.016880692460641","0.0585672793106585","0.00421009772311916","12.229094945415","0.965091831222786","12.05849675426","0.925812382723533","11.8984578326939","0.88739324699643","12.1952858358177","0.956520473384945","8580.39225942434","3350.94131198161","4155.55509745876","2449.86034889854","3959.45917835789","2341.78783664347","16695.4065352366","8142.58949752807","0.230337609657347","0.957904841108893","0.106153100911919","0.508158299686664","0.141048661788096","0.379539761016053","0.477539372357583","1.84560290181139","1.66445926979579","3.51129105255412","2205.90349284267","363.904296414233","275.736421392484","45.4898129929569","37867.6526062042","6669.7080429081","3155.62097944306","555.825426872845","1.74373863647189","0.453969101679876","0.191033271558879","0.0505429734989216","0.644625487747622","0.166607219367006","61.2076845183219","4.05184705716891",NA,NA,NA,NA,NA,NA,NA,NA,NA,NA,NA,NA,NA,NA,NA,NA,NA,NA,NA,NA,NA,NA,NA,NA,NA,NA,NA,NA,NA,NA,NA,NA,NA,NA,NA,NA,NA,NA,NA,NA
"APSIM",1,63,"1_63","BC57-CR","0.237444903726293","0.0174289236644225","0.234984591587774","0.0150081582130835","0.229218507889902","0.0145690265161917","4.74889807455027","0.348578473264044","4.69969183178437","0.300163164232785","4.58437015780893","0.291380530312935","14.0329600640803","0.940122167873046","0.236818136363327","0.0170585913209471","0.0592102908977812","0.00423780189022249","12.2290893518846","0.965159664809153","12.0585258288527","0.92577311571338","11.8984927307615","0.887380097387291","12.1952858358177","0.956520473384945","8462.6039722937","3461.61229711468","4002.23525169564","2571.75683800448","3811.16167570149","2439.87453379728","16276.0008997049","8473.24366890241","0.209969835578491","0.956212141532314","0.0982891497918901","0.506835597697118","0.134186504447928","0.379466870258278","0.442445489818788","1.84251460948723","1.58717547203996","3.51178765108786","2207.9296948053","377.708227460783","275.990500838107","47.2128710579645","37876.7005197397","7157.92437121725","3156.37021730345","596.511533857607","1.73248209535729","0.471535054000018","0.189941656164432","0.0523296786080322","0.645070595857906","0.169979654203911","71.8478371949338","3.15670854264209",NA,NA,NA,NA,NA,NA,NA,NA,NA,NA,NA,NA,NA,NA,NA,NA,NA,NA,NA,NA,NA,NA,NA,NA,NA,NA,NA,NA,NA,NA,NA,NA,NA,NA,NA,NA,NA,NA,NA,NA
"APSIM",1,64,"1_64","BC76-CR","0.239682134007119","0.0175975899912004","0.236675383695792","0.0151915286797919","0.229590312411991","0.0144844053874561","4.793642680166","0.351951799800397","4.73350767394917","0.303830573562512","4.59180624825073","0.289688107738225","14.1189566022986","0.945470481168401","0.239165509992444","0.0170919407395709","0.0597800879226609","0.00428066629965232","12.2290770899678","0.965203070817859","12.0585258288527","0.92577311571338","11.8985533665543","0.887315472327172","12.1952858358177","0.956520473384945","8385.275951427","3487.51078598125","3903.75392189332","2603.80257917918","3716.04559230286","2450.87709334459","16005.075465627","8542.19045850122","0.193315008372479","0.953566357877765","0.0936862669099617","0.502070442010853","0.130170408556601","0.375397475938176","0.417171683839689","1.83103427582615","1.53823860214073","3.47758246339363","2209.55436220652","389.209534647981","276.194638456875","48.6482702916848","37870.7484931832","7579.44420507266","3155.87231690408","631.634123745197","1.72473213086446","0.479897520749511","0.18909576038251","0.0534361227398733","0.644819889661213","0.174130046959704","82.0179472634798","2.39666624168193",NA,NA,NA,NA,NA,NA,NA,NA,NA,NA,NA,NA,NA,NA,NA,NA,NA,NA,NA,NA,NA,NA,NA,NA,NA,NA,NA,NA,NA,NA,NA,NA,NA,NA,NA,NA,NA,NA,NA,NA
"APSIM",1,65,"1_65","BC96-CR","0.24186088569379","0.0179172014215393","0.238433562870149","0.0153062126271513","0.229939443350684","0.0144375785554196","4.83721771389927","0.358344028407329","4.76867125744073","0.306124252505273","4.598788867025","0.288751571097085","14.2046778382879","0.953219852086747","0.241333721136658","0.01719660606454","0.0603219163391471","0.00433168658148851","12.2290686408496","0.965238851229648","12.0586321005801","0.925654983135072","11.8985968153436","0.887322985625156","12.1952858358177","0.956520473384945","8328.35110751112","3478.30533786138","3827.75288853384","2599.3280597952","3645.71643069308","2424.97574888855","15801.820426746","8502.60914653716","0.180820684789742","0.94678763344213","0.0901930757228555","0.495739226197726","0.127352960742235","0.369444380630381","0.398366721255239","1.81197124026983","1.50279942819759","3.42575688378579","2211.28569953276","399.484492174261","276.40767362001","49.9371310451969","37865.5729349894","7950.11680938257","3155.43662411026","662.526227800865","1.71771502043694","0.485925699308158","0.188625855714228","0.0535451163664626","0.644661495430107","0.17812885959115","92.4044499654116","1.73755556361309",NA,NA,NA,NA,NA,NA,NA,NA,NA,NA,NA,NA,NA,NA,NA,NA,NA,NA,NA,NA,NA,NA,NA,NA,NA,NA,NA,NA,NA,NA,NA,NA,NA,NA,NA,NA,NA,NA,NA,NA
"APSIM",5,3,"5_3","CC-CR","0.25066793435529","-0.0184638898585964","0.251421379670288","-0.0183091490688218","0.251069440201854","-0.0195142580474185","5.01335868710138","-0.36927779716751","5.02842759341071","-0.366182981381392","5.02138880404687","-0.39028516095816","15.063175084506","-1.12574593945407","0.250715632836715","-0.0183006010209718","0.0626973630381869","-0.00458433143891208","13.1569617312777","3.95325931690924","13.1431474014004","3.74325580143573","13.1302722498507","3.54461033414213","13.1543770069316","3.9109778592472","4715.4506834606","1572.45966027093","2688.52797428493","662.049036327165","2419.58021144253","588.898489506596","9823.55886919044","2823.4071861023","0.30273034649522","0.112012871964328","0.198116466390428","0.0612576261314815","0.181102834540065","0.0605360227626682","0.681949647426822","0.233806520857369","1.82430143170918","0.504263450781766","1735.80638688837","-349.428096662654","216.978914023182","-43.6846596175013","38580.6031164787","2948.21596302892","3215.04918607521","245.686139742039","1.37299746804412","0.456138749711265","0.150994872989859","0.0503705259240334","0.587905814360599","0.0401202066244438","40.1412476851386","2.51676816635786",NA,NA,NA,NA,NA,NA,NA,NA,NA,NA,NA,NA,NA,NA,NA,NA,NA,NA,NA,NA,NA,NA,NA,NA,NA,NA,NA,NA,NA,NA,NA,NA,NA,NA,NA,NA,NA,NA,NA,NA
"APSIM",5,41,"5_41","RF05-CR","0.24791932118721","-0.0182801076311455","0.248669336588044","-0.0176766641126614","0.248510775513649","-0.018044964924487","4.95838642373796","-0.365602152616659","4.97338673176047","-0.353533282252833","4.97021551027058","-0.360899298487333","14.9019886657333","-1.08003473332111","0.247996966980369","-0.0180369853203035","0.061999520696994","-0.00450875627317251","13.1561841289694","3.95135908345808","13.1420988978968","3.7389706332135","13.1288364077491","3.53832416336","13.1537215264696","3.90830468119816","8495.41866880858","7107.85979231393","4705.37256976511","3963.55621999602","4151.88871485554","3363.59417150874","17352.6799533866","14435.0101838613","0.494584255784873","0.42062378450309","0.239379276965196","0.27751221646246","0.223530919174258","0.250606213011022","0.957494451924523","0.948742213976375","2.88577563280476","2.22660394586873","2189.66245476395","-529.738990909919","273.710074751891","-66.2201967087647","35773.6703767749","4186.65827872148","2981.13775710193","348.889308301093","1.9680164988837","0.539004766584601","0.215450458862398","0.0614140369583897","0.756080092506114","-0.000439074742431322","37.7911561831695","3.53886660077882",NA,NA,NA,NA,NA,NA,NA,NA,NA,NA,NA,NA,NA,NA,NA,NA,NA,NA,NA,NA,NA,NA,NA,NA,NA,NA,NA,NA,NA,NA,NA,NA,NA,NA,NA,NA,NA,NA,NA,NA
"APSIM",5,42,"5_42","RF15-CR","0.247831890459293","-0.0177955785015873","0.248608424861855","-0.0170865627146752","0.24858402081355","-0.0176684192705482","4.95663780917995","-0.355911570025839","4.97216849723698","-0.341731254293383","4.97168041626962","-0.353368385409593","14.9004867226493","-1.05101120969157","0.247879014079833","-0.0175121822382498","0.0619828700863457","-0.00439819863191662","13.1561841289694","3.95135908345808","13.1420988978968","3.7389706332135","13.128864990368","3.53828588029763","13.1537592266499","3.90826704518843","7903.03310515749","6032.94436371767","4380.55749315127","3286.80797442507","3882.10628606694","2730.42489011022","16165.6968843746","12050.177228254","0.452960634167785","0.385026616861296","0.227530788480186","0.253254133009323","0.211924017720482","0.228238444921581","0.892415440368897","0.866519194791756","2.70276366810157","1.97611541303649","2156.11137951023","-522.757214272697","269.510277796442","-65.3390412423043","35758.9834882732","4057.10512028723","2979.91503339444","338.091520261793","1.90224057784345","0.561134403226247","0.207830781913912","0.0643799769580904","0.743901954450063","0.00153238263852828","37.7408741550799","3.42077319360201",NA,NA,NA,NA,NA,NA,NA,NA,NA,NA,NA,NA,NA,NA,NA,NA,NA,NA,NA,NA,NA,NA,NA,NA,NA,NA,NA,NA,NA,NA,NA,NA,NA,NA,NA,NA,NA,NA,NA,NA
"APSIM",5,43,"5_43","RF25-CR","0.247717495814015","-0.0174440550720665","0.248701412756718","-0.0168741246071303","0.248625673362639","-0.0171833708944696","4.95434991627457","-0.348881101435605","4.97402825513466","-0.337482492142908","4.97251346725158","-0.343667417888197","14.9008916386267","-1.03003101143263","0.247823136530843","-0.017126635599515","0.0619643486055787","-0.00430096873685449","13.1562068506802","3.95133252221125","13.1421274430828","3.73893242501684","13.1288982841722","3.53827593921476","13.1537812692228","3.90826072439263","7352.73292616645","5077.54018997963","4115.94662532396","2637.51762549379","3682.5550198199","2107.43527759762","15151.2345712901","9822.49309309121","0.415916301002113","0.354523138177497","0.220576565161769","0.226135389313954","0.204067966526053","0.204921091117041","0.840560832690656","0.78557961860777","2.5589761796896","1.72577120557565","2115.96917044364","-512.015266868076","264.497161717566","-64.0054119928576","35740.0744646126","3907.23642760442","2978.34020531956","325.600258732754","1.83642276949726","0.572263977622127","0.201116556336565","0.0649119024330213","0.730497552534328","0.00287857317700146","37.6795368202054","3.28666640658489",NA,NA,NA,NA,NA,NA,NA,NA,NA,NA,NA,NA,NA,NA,NA,NA,NA,NA,NA,NA,NA,NA,NA,NA,NA,NA,NA,NA,NA,NA,NA,NA,NA,NA,NA,NA,NA,NA,NA,NA
"APSIM",5,44,"5_44","RF35-CR","0.247647236582241","-0.0168371468804116","0.248707718044997","-0.0162787291413632","0.248652350116835","-0.0165890657926663","4.9529447316387","-0.336742937602105","4.9741543608997","-0.325574582827023","4.97304700233694","-0.331781315853556","14.9001460948413","-0.994098836248661","0.247799621778909","-0.0166188810201053","0.0619458349509493","-0.00414455887472416","13.1562401017042","3.95132266668903","13.1421885548075","3.73890461244402","13.1289466313104","3.53829253798938","13.1538253222841","3.90824814697095","6860.23170050541","4195.8696805725","3868.56700707524","2128.89695262225","3484.87904072266","1646.59388231293","14213.677748301","7971.36051551","0.384683807254327","0.319386161926712","0.213432742023238","0.206078247071196","0.195017137806521","0.190932491758463","0.793133687084993","0.716396900755464","2.41137003469871","1.5670635559798","2067.34294199443","-498.842752381238","258.41923225892","-62.3580783772666","35718.248638962","3722.42584803476","2976.51812393997","310.205382596817","1.78510617226318","0.522555782362269","0.19520458524067","0.0600062373740475","0.713643350199484","0.00747538419103666","37.6062667609253","3.12118188205478",NA,NA,NA,NA,NA,NA,NA,NA,NA,NA,NA,NA,NA,NA,NA,NA,NA,NA,NA,NA,NA,NA,NA,NA,NA,NA,NA,NA,NA,NA,NA,NA,NA,NA,NA,NA,NA,NA,NA,NA
"APSIM",5,51,"5_51","RR50-CR","0.246476820325188","-0.0183690485052859","0.247386354010838","-0.0175955932179981","0.247411837728294","-0.0180411981150629","4.92953640649646","-0.367380970098433","4.94772708021502","-0.351911864358228","4.94823675456142","-0.360823962296788","14.8255002412389","-1.08011679671941","0.246591081816502","-0.0180858645394027","0.061644133608673","-0.00452117884878198","13.1561848508876","3.95133875744638","13.1420362032998","3.73894496500582","13.1288606053822","3.53818135721748","13.1536870936388","3.90835466468473","7143.23679094445","6859.10798912607","3621.08980686452","4203.08096029832","3091.19932882819","3755.15798887834","13855.5259266214","14817.3469383185","0.437451057680231","0.35799252210212","0.172288013225073","0.284421330045279","0.140853355604654","0.269828409636487","0.750592426509998","0.912242261783845","2.07355588364622","2.40184971307115","1416.78779166861","-80.5019711768625","177.097977258407","-10.0618816315528","31792.5840802199","3107.52423471116","2649.3814229096","258.961564110948","1.30027237711505","0.630931831872078","0.142375071764362","0.0697815785259881","0.474396043116871","0.113018714369903","33.026877718099","2.93040457708732",NA,NA,NA,NA,NA,NA,NA,NA,NA,NA,NA,NA,NA,NA,NA,NA,NA,NA,NA,NA,NA,NA,NA,NA,NA,NA,NA,NA,NA,NA,NA,NA,NA,NA,NA,NA,NA,NA,NA,NA
"APSIM",5,52,"5_52","RR25-CR","0.247142093742937","-0.018500577213895","0.248004893109059","-0.0178375807800205","0.247917862912226","-0.0182054388152553","4.94284187485245","-0.370011544271605","4.96009786217948","-0.356751615598703","4.95835725824","-0.364108776300582","14.8612969952357","-1.09087193613466","0.247183996022235","-0.0181085509569049","0.061806225484182","-0.0045568618445029","13.1561841289694","3.95135908345808","13.1420577057712","3.73895860658862","13.1288533808512","3.5382335706299","13.1536763718145","3.90835722615804","7751.57477129456","7235.33233054234","4085.26398362457","4271.25828654016","3541.53711709591","3739.09343953629","15378.3758719943","15245.6840566395","0.4691029651276","0.380474205696889","0.196800308724341","0.288920152944042","0.170445392599586","0.270378096976127","0.836348666451837","0.939772455616746","2.39812655185749","2.39057846728244","1722.59562779083","-248.450843006456","215.323815179341","-31.0550038483678","33286.555145072","3579.89972686207","2773.87710662541","298.327645700185","1.59096329360756","0.600928397679193","0.174887198922973","0.0655956927888481","0.584451750613335","0.0722454791346626","34.8315750950646","3.22455790421519",NA,NA,NA,NA,NA,NA,NA,NA,NA,NA,NA,NA,NA,NA,NA,NA,NA,NA,NA,NA,NA,NA,NA,NA,NA,NA,NA,NA,NA,NA,NA,NA,NA,NA,NA,NA,NA,NA,NA,NA
"APSIM",5,53,"5_53","RR00-CR","0.241236842904636","-0.0178324471385214","0.240891265943052","-0.0161952962366702","0.239643394799901","-0.0165583152797939","4.82473685808675","-0.356648942764459","4.8178253188646","-0.323905924736974","4.79286789600801","-0.331166305605866","14.4354300729209","-1.01172117306885","0.241116964888355","-0.0174435219218287","0.0602789780721767","-0.00435399088756407","13.1557124275262","3.9525668367973","13.1410994901921","3.7411582703766","13.1276534135351","3.54161537837361","13.1534420852486","3.90912791409257","9058.67724456155","8951.50880395479","5306.01960110929","4776.19720262561","5038.41986836061","4087.62400951518","19403.1167139697","17815.3300161573","0.461625700207698","0.54378787450946","0.260331757305629","0.325373116808924","0.27127511420229","0.304422958906755","0.993232571715958","1.1735839502248","3.22893708379682","2.63640830974386","2287.58554897908","-602.688337384655","285.946841924074","-75.3324206306597","35734.3856779587","4355.47039254435","2977.86353750143","362.956601358491","2.03886974646815","0.388914585615143","0.223166231163132","0.0446229757405896","0.753792845316423","-0.0306030622363073","37.851895945973","3.63152045605276",NA,NA,NA,NA,NA,NA,NA,NA,NA,NA,NA,NA,NA,NA,NA,NA,NA,NA,NA,NA,NA,NA,NA,NA,NA,NA,NA,NA,NA,NA,NA,NA,NA,NA,NA,NA,NA,NA,NA,NA
"APSIM",5,54,"5_54","RR50-NT-CR","0.2488146063439","-0.0197138048327275","0.249834095144253","-0.0190922839441873","0.249772808020582","-0.0193888939868314","4.97629212686919","-0.394276096645731","4.99668190288678","-0.381845678885466","4.99545616041326","-0.387777879738252","14.9684301901356","-1.16389965523579","0.248903315669286","-0.0194380512781917","0.0622373750118619","-0.00487364541648268","13.1559906976339","3.9497821999046","13.141468887783","3.73639757186955","13.1282298519631","3.53442020544809","13.1538303810594","3.90574558228987","6719.12761678579","7010.13978155314","3303.56000393212","4260.83694078113","2735.21549209539","3827.92626657041","12757.9031128052","15098.9029889128","0.459036898369692","0.371246444952852","0.156477322994125","0.291178662168796","0.121798156338192","0.275790016628737","0.737312377701897","0.938215123750497","1.94240655596192","2.55610456179441","1398.11769639638","-70.8260838802717","174.763587263626","-8.85163166491915","36160.8329060056","2769.43076086171","3013.40266930705","230.785125890705","1.34378627773303","0.693752973234444","0.147368399099901","0.075807008447065","0.469742938514734","0.115239387320061","37.4078574674733","2.61300747718909",NA,NA,NA,NA,NA,NA,NA,NA,NA,NA,NA,NA,NA,NA,NA,NA,NA,NA,NA,NA,NA,NA,NA,NA,NA,NA,NA,NA,NA,NA,NA,NA,NA,NA,NA,NA,NA,NA,NA,NA
"APSIM",5,55,"5_55","RR25-NT-CR","0.24944498115961","-0.0197358837692962","0.250425741447433","-0.0191596399946977","0.250275435375547","-0.0195236804188024","4.98889962318456","-0.39471767537829","5.00851482895151","-0.383192799896809","5.00550870751175","-0.390473608376855","15.0029231596115","-1.16838408361568","0.249510869844145","-0.0194088242805101","0.0623940648419641","-0.00488290876247052","13.1559906976339","3.9497821999046","13.1414858394946","3.73640143279627","13.1281897239989","3.53451934355215","13.1538809902088","3.90562548181586","7228.98115506257","7518.52938173666","3690.4311435465","4419.13771291774","3108.54699442985","3889.00495374433","14027.9592930296","15826.672048408","0.491234187315155","0.390061836850607","0.181838309436224","0.29309641738132","0.149149824044372","0.277808735596992","0.82222232079627","0.960966989828399","2.24484703459612","2.55989996404175","1699.69409785486","-219.297665122089","212.45989973012","-27.4125014997503","37585.1217062332","3316.82829730818","3132.0960677878","276.397724701109","1.64136709194585","0.67725448680293","0.179904483252296","0.074669885459528","0.577782604825508","0.0837049942751635","39.1402728158234","2.99840266419544",NA,NA,NA,NA,NA,NA,NA,NA,NA,NA,NA,NA,NA,NA,NA,NA,NA,NA,NA,NA,NA,NA,NA,NA,NA,NA,NA,NA,NA,NA,NA,NA,NA,NA,NA,NA,NA,NA,NA,NA
"APSIM",5,56,"5_56","RR00-NT-CR","0.243423599863513","-0.0187033175517317","0.243142490209434","-0.0171573369146203","0.241943447483901","-0.017555701614557","4.86847199726287","-0.374066351027239","4.8628498041963","-0.34314673830002","4.8388689496874","-0.351114032300528","14.5701907511026","-1.06832712158387","0.243304616491202","-0.0184049278465601","0.0608348584821137","-0.00458521923005534","13.1558781478915","3.95217874954095","13.1411728584858","3.74063389028489","13.1279752500788","3.54053741525652","13.1535453356145","3.90867594508361","8313.28149533877","9519.77386734873","4771.52819845706","5024.05085384704","4451.80592953997","4313.89191736799","17536.6156232754","18857.7166386242","0.481375376360831","0.598914655134059","0.253797153567103","0.333140209482314","0.250837412439356","0.320751534637934","0.986009942367467","1.25280639925413","3.05210885875899","2.88135252417131","2258.54814915213","-526.856952573288","282.322020376838","-65.8630975891598","40424.7462477214","4210.40102323882","3368.72753439717","350.866924224506","2.10274071217515","0.498030660244023","0.230629668940412","0.0552059189171572","0.746740700459349","-0.0018414840027775","42.5056648935185","3.56531973231236",NA,NA,NA,NA,NA,NA,NA,NA,NA,NA,NA,NA,NA,NA,NA,NA,NA,NA,NA,NA,NA,NA,NA,NA,NA,NA,NA,NA,NA,NA,NA,NA,NA,NA,NA,NA,NA,NA,NA,NA
"APSIM",5,61,"5_61","BC19-CR","0.245086173519816","-0.0176629059527089","0.243111615098827","-0.0168425655454962","0.240017641545022","-0.0166667030297905","4.90172347040391","-0.35325811906176","4.86223230198598","-0.336851310919374","4.8003528309095","-0.333334060604874","14.5643086032605","-1.02344349054716","0.244763011320656","-0.0176019289864573","0.0611821062165128","-0.00438959951764541","13.1557272776539","3.95255601871716","13.1411105756492","3.74115498163754","13.1276876698971","3.54156574782471","13.1534692935485","3.90907349749261","8957.76966485427","9229.45689386903","5050.97792129353","5169.92859851676","4807.24270190067","4418.38846328194","18815.9902880007","18817.7739557155","0.44934443344324","0.55470992465478","0.239742029166058","0.348114128979192","0.252749770911395","0.329147361500621","0.94183623352053","1.23197141513475","2.90606105043895","2.75228311059996","2292.92140138879","-580.627243865887","286.612289711821","-72.5736730792828","38312.6419269601","4632.76492820003","3192.70875909561","386.077671570868","2.03343479762005","0.414644755214105","0.222136251552256","0.048363448557518","0.753794897436199","-0.0232525592250515","50.8976549789587","2.63329678868448",NA,NA,NA,NA,NA,NA,NA,NA,NA,NA,NA,NA,NA,NA,NA,NA,NA,NA,NA,NA,NA,NA,NA,NA,NA,NA,NA,NA,NA,NA,NA,NA,NA,NA,NA,NA,NA,NA,NA,NA
"APSIM",5,62,"5_62","BC38-CR","0.248495665494546","-0.0186963914128479","0.245362353273419","-0.0174089965777385","0.240375867585285","-0.0167864783731194","4.96991330990172","-0.373927828267749","4.90724706548396","-0.348179931570356","4.80751735171495","-0.335729567471631","14.6846777270554","-1.05783732726447","0.247907980116606","-0.0184689058533479","0.0619828526640267","-0.00462585449727144","13.1557102671188","3.95257115761221","13.1411105756492","3.74115498163754","13.127747781631","3.54152105305801","13.1534711865789","3.90908859360712","8757.49935189494","9475.2014472847","4783.81146253776","5495.68900847385","4568.12596310662","4673.60456926912","18109.4367774917","19644.4950250753","0.419519324845149","0.566954552726913","0.221827615419357","0.364802095445397","0.236750929510111","0.345842929499559","0.878097869774632","1.27759957767185","2.74825257419732","2.89032642259929","2298.90582125619","-566.230430278587","287.364422576807","-70.7825885448704","38394.3821516337","5140.03584783589","3199.51427306137","428.356022421412","2.02486262161529","0.438284575501997","0.221067555728215","0.0511428341633024","0.754692526688299","-0.0174855065511632","61.6637301163228","1.61749462457858",NA,NA,NA,NA,NA,NA,NA,NA,NA,NA,NA,NA,NA,NA,NA,NA,NA,NA,NA,NA,NA,NA,NA,NA,NA,NA,NA,NA,NA,NA,NA,NA,NA,NA,NA,NA,NA,NA,NA,NA
"APSIM",5,63,"5_63","BC57-CR","0.251775875263722","-0.0197186689572148","0.247489351971064","-0.0181055921604612","0.240700483246737","-0.0169636553152778","5.03551750529063","-0.394373379160479","4.94978703943998","-0.36211184322792","4.81400966494297","-0.339273106313789","14.799314209622","-1.09575832865059","0.250846202195444","-0.0192943681378393","0.062718061779189","-0.00483901253120329","13.1557213258383","3.95256792234847","13.1411716445931","3.74107060810011","13.1277723749822","3.54149074853069","13.1534711865789","3.90908859360712","8602.78103801421","9610.01571855107","4581.78564202728","5688.73234133288","4386.76358448318","4815.08687938412","17571.3302644824","20113.8349393104","0.395698752782207","0.574280364526636","0.207593507141478","0.375515402635628","0.224390565629042","0.355093491098552","0.827682825553377","1.30488925826017","2.62521201831986","2.96593359175354","2303.60255038077","-551.716439506737","287.949202227089","-68.9645015082298","38422.4203300831","5666.15343914642","3201.84490397789","472.203861805114","2.01746425274397","0.458273911431593","0.220601897009286","0.0525462059818302","0.755697207072042","-0.0130796482854305","72.283594633518","0.620891593615468",NA,NA,NA,NA,NA,NA,NA,NA,NA,NA,NA,NA,NA,NA,NA,NA,NA,NA,NA,NA,NA,NA,NA,NA,NA,NA,NA,NA,NA,NA,NA,NA,NA,NA,NA,NA,NA,NA,NA,NA
"APSIM",5,64,"5_64","BC76-CR","0.254522511445258","-0.020519720776336","0.249363384065734","-0.0185436110325818","0.240961154590241","-0.0170412668843717","5.09045022892356","-0.410394415545122","4.98726768133679","-0.370872220673743","4.81922309181294","-0.340825337695542","14.8969410020081","-1.12209197384927","0.253435285314329","-0.0199596944963607","0.0633684920719723","-0.00501857402307265","13.155720839212","3.95258777777645","13.1412085640313","3.74111006227468","13.1278159788499","3.54151683384664","13.1534569514187","3.90913594610273","8502.91799394003","9636.81884596993","4442.76626060382","5773.3043368066","4262.1361103888","4862.90678225564","17207.8203648936","20273.0299650712","0.377534186844469","0.575956928426318","0.197195216237515","0.380996652117093","0.215182457641133","0.358881685926286","0.789911860723696","1.31583526646912","2.53567950162419","2.99030073995214","2307.56083684593","-539.312817952951","288.444106367893","-67.41308056097","38424.0183951609","6151.63936620987","3201.97526531259","512.655974285101","2.01153727644201","0.473847652555449","0.220105532697019","0.0541431642136412","0.755417317995304","-0.00715733236736227","82.450942925241","-0.275943854923497",NA,NA,NA,NA,NA,NA,NA,NA,NA,NA,NA,NA,NA,NA,NA,NA,NA,NA,NA,NA,NA,NA,NA,NA,NA,NA,NA,NA,NA,NA,NA,NA,NA,NA,NA,NA,NA,NA,NA,NA
"APSIM",5,65,"5_65","BC96-CR","0.257109166779517","-0.0212330616562288","0.25133617191543","-0.0190809541035767","0.241200460359381","-0.0171101352201947","5.14218333560844","-0.424661233142665","5.02672343833432","-0.381619082097247","4.82400920719497","-0.342202704411253","14.992915981075","-1.14848301958846","0.255911596232641","-0.020680820864538","0.0639848332550446","-0.00518101469740107","13.15581485437","3.95245639398621","13.1412293445845","3.7410873833436","13.1278367433605","3.5414941870008","13.153518089881","3.90905143352886","8444.97080671033","9577.09010865218","4351.57645041291","5762.99135900236","4177.07026929598","4831.96218045209","16973.6175263533","20172.0436481725","0.362747428687718","0.576859749875735","0.189073792674592","0.38263791314037","0.208582081259696","0.358345656211866","0.760403302622063","1.31784331922791","2.46922667412151","2.97910329828088","2310.86601751481","-526.60672347394","288.858157361225","-65.826907623255","38415.3784802725","6601.75007303493","3201.2486663304","550.1698973251","2.00586944743362","0.489903854379157","0.21952560767385","0.0558694795167728","0.755818116362218","-0.00290322668417442","92.848931210334","-1.08266381407881",NA,NA,NA,NA,NA,NA,NA,NA,NA,NA,NA,NA,NA,NA,NA,NA,NA,NA,NA,NA,NA,NA,NA,NA,NA,NA,NA,NA,NA,NA,NA,NA,NA,NA,NA,NA,NA,NA,NA,NA
"Daycent",1,3,"1_3","CC-CR","0.225491036808191","0.014100631503532","0.231080055704802","0.0136156666316446","0.231462722453334","0.0118538742503379","2.25491036809026","0.141006315026969","4.62160111412794","0.272313332600995","4.62925444906999","0.237077485003444","13.6870822629395","0.85441767727383","0.223665079132383","0.0165242077113432","5.59162697830592","0.41310519278723","11.2799487988767","0.335612220976769","11.9431826347457","-0.0886216894369003","12.7680116893007","-0.59114611274145","11.2281215877332","0.367686205198792","0.880431896021541","-0.380142163817952","0.541144457886241","-0.216038955198266","7.01608053923631","-2.53472418421249","9.91418490651687","-3.71930632947757",NA,NA,NA,NA,NA,NA,NA,NA,"2.55146668365475","-0.40403268755225",NA,NA,NA,NA,NA,NA,NA,NA,NA,NA,NA,NA,NA,NA,"35.5875862068966","0.217931034482753","0.200754318943319","0.0265861690863205","0.224328161717152","0.0214203581393688","0.401508637886637","0.053172338172641","0.672984485151128","0.064261074418434","1.10682320866615","0.0865871319986953","0.472696523912932","0.0674838854193234","0.528214000275828","0.0554403593761424","0.519925875028885","0.0475109730092375","0.526737417757512","0.0442444544485822","0.588203823086431","0.0543696364268761","0.586862388884599","0.0532390405679153","10.6326338030155","0.743238813905297","10.7486290401703","0.672105590348691","10.9352028633307","0.555479847356128","10.972425844008","0.530556166963409","0.0903698205394406","-0.0433062049807014","0.254840261724464","-0.118071256841786","1.13131793110837","-0.427023564425866","0.00038599723355562","-3.35673523074438e-05","0.464901656885525","0.286199812428485"
"Daycent",1,41,"1_41","RF05-CR","0.212356764028151","0.0108574859070058","0.215880395293434","0.0125192860756194","0.217613181435087","0.0117102256121532","2.12356764029117","0.108574859060404","4.31760790590409","0.250385721476985","4.35226362869399","0.234204512250809","12.8625027345716","0.754268364922822","0.210881327058748","0.013290982461803","5.27203317647572","0.332274561538071","11.650094304465","-0.271955980526277","12.5872183197635","-1.0749124703426","13.6849411133855","-1.93874740804283","11.5694697953601","-0.204298352053909","3.02107327590734","-1.67541293296231","2.58195202456519","-1.73064193825405","34.3884868630214","-20.8364928619861","43.2767023834514","-25.4512418475594",NA,NA,NA,NA,NA,NA,NA,NA,"4.2063706049812","-1.39133716917824",NA,NA,NA,NA,NA,NA,NA,NA,NA,NA,NA,NA,NA,NA,"36.6055172413794","0.506206896551674","0.200189337892695","0.019264712003494","0.209437163978459","0.0170708577690341","0.400378675785389","0.0385294240069881","0.628311491935245","0.0512125733072338","1.0403733919944","0.0713612747876879","0.477594129961261","0.0614685241394678","0.500831566265025","0.0549059355463518","0.496722393080339","0.0491851826797758","0.506725008348839","0.0413447524438985","0.574004260488109","0.0492024506070869","0.577276671449197","0.0490826310413598","10.7071446712499","0.524166095557822","10.8777579093352","0.384716432082779","11.1502519232958","0.156799778784396","11.2033746880248","0.108348811262033","0.212202283840249","-0.08703204658756","0.579712264452081","-0.231270344499682","2.49327567168799","-0.890391723292572","0.000400689882117026","-4.02783669526766e-05","0.226970295385966","0.197502367747871"
"Daycent",1,42,"1_42","RF15-CR","0.212314274211184","0.0109064702866747","0.215854520238538","0.0125581129400279","0.217591472374141","0.0117358833981113","2.1231427421226","0.109064702855996","4.31709040480666","0.251162258764654","4.35182944747669","0.234717667968353","12.8606794667028","0.756183185777557","0.210841288625454","0.0133237529488178","5.27103221564468","0.33309382371211","11.6543057605481","-0.267756158555045","12.5905546006603","-1.06999137654945","13.6874192847134","-1.93323169631849","11.5736852369687","-0.200121606872399","2.6937011961799","-1.55321269205247","2.22633461451474","-1.52302540893845","29.4119888865481","-18.6206672715935","37.3470101877012","-22.8757483349226",NA,NA,NA,NA,NA,NA,NA,NA,"4.02207482023674","-1.39983279757342",NA,NA,NA,NA,NA,NA,NA,NA,NA,NA,NA,NA,NA,NA,"36.6131034482759","0.380689655172411","0.200162726306182","0.0192839112649051","0.209380197510993","0.0170364289261254","0.400325452612364","0.0385678225298101","0.628140592532964","0.0511092867783919","1.04015082718371","0.071561446848136","0.477522493117201","0.0615257625146114","0.500671581865844","0.054851624295418","0.496602649395842","0.0493020753929327","0.506611465960272","0.0414808731948304","0.573928232965032","0.0493176063990928","0.57721391032563","0.0491591683011663","10.7120929391204","0.527813744110821","10.8825710955864","0.388445422119075","11.154802139297","0.160780917782295","11.2077898347003","0.112534001289275","0.192578861178163","-0.0833883035882434","0.531183850669335","-0.222797126465228","2.29122277859332","-0.872657532267109","0.000400864809615019","-4.03587733081948e-05","0.224226843236652","0.195440346123592"
"Daycent",1,43,"1_43","RF25-CR","0.212238403043353","0.0110398499319112","0.215817406768537","0.0126041752364005","0.217571294247702","0.011739386497816","2.122384030443","0.110398499309642","4.31634813540649","0.252083504692274","4.35142588494702","0.234787729963335","12.8575975838987","0.762813757995385","0.21075642389648","0.0135585359799072","5.26891059741744","0.338963399492248","11.6595762104048","-0.261002873982736","12.5948391352008","-1.06244262085786","13.6905764742552","-1.92512198174133","11.5790816038302","-0.193601274126394","2.36625971879457","-1.40592140543106","1.87739050811919","-1.2920498393506","24.5481603036552","-15.8678829879799","31.533824284232","-19.7000605624334",NA,NA,NA,NA,NA,NA,NA,NA,"3.83115294176321","-1.41271124606473",NA,NA,NA,NA,NA,NA,NA,NA,NA,NA,NA,NA,NA,NA,"36.6241379310345","0.275862068965502","0.200136070525844","0.0193782377018607","0.209122508109422","0.0177345219759791","0.400272141051688","0.0387564754037214","0.62736752432799","0.0532035659282131","1.03979986775162","0.0735839826691238","0.47745541127369","0.06176403346235","0.50001659978688","0.0566214694845847","0.496441739005522","0.050287459576555","0.506411084255683","0.0418357108182139","0.573818240947829","0.0494580323180214","0.577150899280505","0.0491814796938619","10.7185443003368","0.533253166703092","10.8889152080689","0.394010595944884","11.1607390042812","0.166758396278075","11.2136969090509","0.118446438690819","0.171932164075924","-0.0775159739407922","0.483637498363847","-0.21467928640342","2.08644409121124","-0.842011069315632","0.000401127709012333","-4.09196929487413e-05","0.221263339772743","0.1924923676476"
"Daycent",1,44,"1_44","RF35-CR","0.212247626313569","0.010890363873327","0.215817141531246","0.0125229497559325","0.217573021461124","0.0116758061240784","2.12247626314635","0.108903638722615","4.31634283065948","0.250458995084098","4.35146042921597","0.233516122488082","12.8591175126778","0.756089826329784","0.210815998419216","0.0133891783006177","5.27039996049008","0.334729457505766","11.6630805640545","-0.242265735359844","12.5974449941014","-1.04431219364005","13.692391228826","-1.90799053922818","11.5828381428041","-0.175174019749905","2.02546175901277","-1.21153351202554","1.53040609549662","-1.02434803359132","19.7672414064443","-12.378412667881","25.7776600851948","-15.6666258651804",NA,NA,NA,NA,NA,NA,NA,NA,"3.60686147305739","-1.38268402995205",NA,NA,NA,NA,NA,NA,NA,NA,NA,NA,NA,NA,NA,NA,"36.6358620689655","0.128275862068975","0.20023095464731","0.0191787222653911","0.209413252363798","0.0173880795563666","0.400461909294621","0.0383574445307822","0.628239757091353","0.0521642386691404","1.04013632329911","0.0726893868059806","0.477702291007777","0.061246499090682","0.500794370494083","0.0556565616267879","0.496613000038923","0.0498334466213118","0.506425080891305","0.0414798920346756","0.573810910930497","0.0492444797192633","0.577151997523803","0.0490131610279909","10.723525280727","0.551312353956243","10.8934784763503","0.412338742161454","11.164879318786","0.185390531615425","11.2178423235141","0.136964522154136","0.152054813542305","-0.070537093389779","0.432914938164214","-0.198667512903296","1.86958107253568","-0.783127045390575","0.000400945813772294","-4.02490671213535e-05","0.218733059632234","0.186585527260746"
"Daycent",1,51,"1_51","RR50-CR","0.208811450608264","0.0136416602507022","0.211126080303277","0.0160512801155549","0.212579245416171","0.0160934576937957","2.08811450609269","0.136416602496974","4.2225216060973","0.321025602279349","4.25158490831611","0.321869153883225","12.596576799111","0.936955354953335","0.207124027449279","0.0149726799740202","5.17810068623704","0.374316999345439","12.2354401354224","0.106986043347291","13.0801733823222","-0.630176825070533","14.0756516901175","-1.44211342555784","12.1646971884082","0.162979112606321","3.46026131997577","-2.02461860013229","3.09534866095972","-2.21406327086251","41.0780765415084","-26.0760521283375","51.2452650941068","-31.6469267800501",NA,NA,NA,NA,NA,NA,NA,NA,"4.48964660695544","-1.0952735575681",NA,NA,NA,NA,NA,NA,NA,NA,NA,NA,NA,NA,NA,NA,"37.4089655172413","-1.65931034482749","0.194394026369258","0.0185779233501337","0.20637330598102","0.0158964107631735","0.388788052738517","0.0371558467002673","0.619119917942655","0.0476892322899243","1.02644780794928","0.0727989172780106","0.461447634220413","0.0628863952354239","0.492224941080044","0.0537512886450178","0.489016170251331","0.0513111775780546","0.497125663431159","0.049715815049044","0.559669107131285","0.0611524665071668","0.562160907004276","0.0634180594684263","11.3933731228045","0.812664630529973","11.545134373603","0.691396660650343","11.7877576168285","0.49141641287045","11.8358692340616","0.446031546979182","0.230447744994574","-0.100234111793562","0.622134365507452","-0.254738383866807","2.75899646116695","-0.977220285063515","0.000412337677142996","-3.69166684851097e-05","0.225150205393044","0.1781488938234"
"Daycent",1,52,"1_52","RR25-CR","0.209944720518002","0.0126813538892737","0.212169179957321","0.0148430401029006","0.214034066856137","0.0143128829894352","2.09944720518974","0.126813538883024","4.24338359917883","0.296860802025612","4.28068133711507","0.286257659796363","12.6688340938025","0.866020577564399","0.208224602292502","0.0142846926495819","5.20561505731792","0.357117316234185","11.9896204784412","-0.0561216215320464","12.8737470155338","-0.822380738018541","13.9130634888119","-1.65789623744486","11.9146576871762","0.00473296401334977","3.39114355660406","-1.88212017551107","2.99324826241875","-2.02273012045701","40.1098080147093","-23.8863353103908","50.0478384619238","-29.0358102643178",NA,NA,NA,NA,NA,NA,NA,NA,"4.37536506472004","-0.976908754816864",NA,NA,NA,NA,NA,NA,NA,NA,NA,NA,NA,NA,NA,NA,"37.1427586206897","0.204137931034452","0.195735048987911","0.0188537497929943","0.207477036630775","0.0157935766426385","0.391470097975822","0.0377074995859886","0.622431109891761","0.0473807299284806","1.03142074447431","0.0710003473218652","0.465193215493677","0.0628317731477788","0.495280695304837","0.0529343888254072","0.491743963713128","0.049954297103215","0.500187347926471","0.0468746479278299","0.562772306434181","0.0574009446834528","0.566479166836391","0.0579382577725439","11.104760530056","0.688539740486902","11.2643237630444","0.559592655175356","11.5196848815743","0.347603424161466","11.5699973438734","0.300800251828349","0.227749490573305","-0.0940173510862205","0.613107805611227","-0.23827699891657","2.71278133199819","-0.912330307947114","0.000407971322997579","-3.65697230340275e-05","0.22636440964392","0.189633382417936"
"Daycent",1,53,"1_53","RR00-CR","0.212316970470281","0.0108153791284912","0.215858159110983","0.0124404765202503","0.217592889726764","0.0116548703593997","2.12316970471247","0.108153791275259","4.31716318225776","0.248809530366919","4.35185779452952","0.233097407193755","12.861131164494","0.750829338426366","0.210856039331649","0.0132449913374932","5.27140098329727","0.3311247834313","11.6411831476949","-0.274520751576251","12.579535509711","-1.07876890462661","13.678854025761","-1.94372013611209","11.5603222108703","-0.206594195155395","3.19808738783692","-1.70043097296996","2.77758862773213","-1.81045697767078","37.1492550390595","-21.4334980358347","46.5501830687074","-26.1298579010752",NA,NA,NA,NA,NA,NA,NA,NA,"4.31909684848364","-1.3454608797473",NA,NA,NA,NA,NA,NA,NA,NA,NA,NA,NA,NA,NA,NA,"36.5889655172414","0.677241379310317","0.200293838170652","0.0191571808278884","0.209345901992255","0.0171340790126529","0.400587676341303","0.0383143616557768","0.628037705976329","0.0514022370383956","1.0403151007132","0.0710520108596737","0.477875359565268","0.061163132252587","0.500583562974276","0.0551031790269987","0.496684475422602","0.0490459108288636","0.506611369905756","0.0412678276493986","0.573929527348873","0.0490070769271603","0.577208133891929","0.0489507797088993","10.696584472781","0.523443592195452","10.867460483256","0.383725181520591","11.140403897267","0.155294924498104","11.1936010586199","0.106787686384447","0.222990576995715","-0.087021856701396","0.603874375547289","-0.227686254396666","2.59838706151485","-0.870763803480619","0.000400558156618887","-4.0161252814345e-05","0.229210866211476","0.200426596379776"
"Daycent",1,54,"1_54","RR50-NT-CR","0.21027502033797","0.0109830979566068","0.21279373795883","0.0126635964554789","0.213499253557549","0.0120848551194156","2.10275020338808","0.109830979557684","4.25587475920567","0.253271929080523","4.26998507113783","0.241697102401458","12.7007413603411","0.727447333160047","0.209554008792305","0.0118318513575853","5.23885021980997","0.295796283937286","11.1632719633169","0.773618460067366","11.8310844475488","0.324751422124317","12.6634490969479","-0.212746003565249","11.1115365422237","0.806213169329796","2.40797829298031","-1.23700640403165","1.95314015153155","-1.2407085074432","24.3154428883587","-13.1146303809444","31.5976202481946","-16.5771759363574",NA,NA,NA,NA,NA,NA,NA,NA,"3.94572221612255","-0.814998265326582",NA,NA,NA,NA,NA,NA,NA,NA,NA,NA,NA,NA,NA,NA,"45.1827586206899","3.08965517241358","0.20086850051451","0.0130427379505159","0.210820473340457","0.0116602123954495","0.40173700102902","0.0260854759010319","0.632461420021046","0.034980637186672","1.0379329055788","0.0615812090133705","0.4675118175459","0.0499548560798287","0.492642051438277","0.0445082491200977","0.484260647836197","0.0471011573528832","0.49141557178499","0.0427309752087518","0.541747902157385","0.0502605737446028","0.542062383531104","0.0510486820921482","10.5129524796921","1.19923288048847","10.6297685331858","1.12534019948063","10.8168716540413","1.00413433542101","10.8543618498538","0.977630152253552","0.193027344369048","-0.0810540386436739","0.514327162672138","-0.195389899060183","2.21370440827012","-0.708386706221495","0.000468496474364764","-3.04863399681679e-05","0.220286259129624","0.17476015747984"
"Daycent",1,55,"1_55","RR25-NT-CR","0.212834422606009","0.00828762097362987","0.215320987093768","0.0110814172510262","0.21593875533965","0.0103683047815295","2.12834422606889","0.0828762097274973","4.30641974190817","0.221628344987719","4.31877510677733","0.207366095646258","12.8333659459188","0.647801429322238","0.211391041308784","0.0109685629970384","5.28477603272246","0.274214074923115","10.9918137968407","0.626336530193697","11.6791898915786","0.169029582398515","12.5339399153197","-0.373030888046411","10.9384082625687","0.66020764404097","2.35428496547241","-1.16711695775775","1.8844988306299","-1.15951397213616","23.301874136529","-12.083527463394","30.4315609875151","-15.387160076575",NA,NA,NA,NA,NA,NA,NA,NA,"3.83906978507506","-0.829975351872934",NA,NA,NA,NA,NA,NA,NA,NA,NA,NA,NA,NA,NA,NA,"44.9248275862073","4.908965517241","0.202526118605991","0.0147550823097723","0.210589033891455","0.0146760893766698","0.405052237211982","0.0295101646195447","0.631767101674721","0.0440282681296529","1.04300753229931","0.0623923461900042","0.472174178301855","0.0530454872260219","0.492266635007333","0.0515645111202","0.48704176644349","0.0469532152944103","0.498162228325685","0.0352223850049489","0.549098225185292","0.0448936827641131","0.549139387516255","0.0453942870006845","10.3212173666175","1.06374917915191","10.441950576295","0.987290312667742","10.6350511385587","0.862195683610226","10.6734341452163","0.835565621951661","0.191721955814068","-0.0780756708426588","0.515815882888579","-0.193355998188475","2.18336521617383","-0.705570014248696","0.000465562459893304","-3.6564874469509e-05","0.222365854598878","0.183380514711959"
"Daycent",1,56,"1_56","RR00-NT-CR","0.214205327598601","0.00854677840645124","0.216431315751883","0.0108872635397155","0.217067978179108","0.00989574940101934","2.14205327599649","0.0854677840540305","4.3286263150752","0.217745270756774","4.34135956356779","0.19791498803475","12.8988489403303","0.65313305846292","0.212440785618614","0.0116763646940545","5.31101964047055","0.291909117346158","10.8686243412863","0.538204489629548","11.5694335807319","0.0748205273578009","12.4397800357552","-0.470806295080285","10.8138075780657","0.573570644470808","2.29173419471221","-1.08431147902058","1.80537420369864","-1.06811573353023","22.1330548737508","-10.8779319469027","29.075745601859","-13.952490124464",NA,NA,NA,NA,NA,NA,NA,NA,"3.78209588663757","-0.698638185661926",NA,NA,NA,NA,NA,NA,NA,NA,NA,NA,NA,NA,NA,NA,"44.6606896551729","6.77517241379262","0.204471823854351","0.0156587982161652","0.211127001034495","0.0163585926190917","0.408943647708702","0.0313175964323304","0.633381003103672","0.0490757778570875","1.04448513490235","0.0716116413040575","0.477557004003295","0.0541243453122038","0.493875724885772","0.0551570574515088","0.488003924528432","0.0510430998611121","0.501917656811123","0.0351219142110293","0.552373180821163","0.0437909625039435","0.552445124557754","0.0435839081870862","10.1836763162031","0.985124708985127","10.3068869014949","0.907023024807389","10.5043017894621","0.778777463374885","10.5434478990957","0.751803219931226","0.190291357782249","-0.0748445458325592","0.516666977587302","-0.191043894525062","2.13862399430745","-0.65624252463267","0.000460217364638914","-4.02916023894039e-05","0.227017255403648","0.188220973989602"
"Daycent",5,3,"5_3","CC-CR","0.247829608636321","-0.0397078437215455","0.247756486242957","-0.0386975668093879","0.238280586058365","-0.0334410297416922","2.47829608637041","-0.397078437222652","4.95512972488341","-0.773951336212024","4.76561172116933","-0.66882059483588","14.6435933670497","-2.19835386014717","0.246465374090088","-0.0379627905274675","6.16163435224603","-0.949069763180503","12.0339848346925","3.13949823092145","12.6180461788103","2.56217048225218","13.3496383499311","1.84774935754287","11.9917773324658","3.17166814473186","0.869153469187378","-0.226543924522479","0.52885689892465","-0.111967513408065","6.66288396616899","-0.946501521465581","9.53317739466633","-1.838091770689",NA,NA,NA,NA,NA,NA,NA,NA,"2.64038208963853","-0.506759779730863",NA,NA,NA,NA,NA,NA,NA,NA,NA,NA,NA,NA,NA,NA,"35.6662068965516","-1.60137931034468","0.232280636463578","-0.0368089137044998","0.251712283601918","-0.0350148565162005","0.464561272927156","-0.0736178274089997","0.755136850804712","-0.105044569547559","1.22485771094142","-0.179841094966812","0.552609521016187","-0.0931289089006728","0.59742385483729","-0.0870605507661284","0.579200043137947","-0.0859002845573708","0.582539937525309","-0.0897113923759613","0.632816652039725","-0.0858120785098144","0.602878554067866","-0.0638905044148945","11.4775412327751","3.6537222927661","11.5761028976378","3.56350983916206","11.7357254102891","3.4184113395468","11.7687677495633","3.38596336794063","0.0778309127403217","-0.0263809905093224","0.215988529096914","-0.0618619252323431","1.17846361854723","-0.464835895550362","0.000360145252162574","2.18686724122536e-05","0.4041047143398","0.157479929562934"
"Daycent",5,41,"5_41","RF05-CR","0.234900731365763","-0.0424244982343508","0.234167407485691","-0.0405930790955449","0.228862307469067","-0.0351902350896283","2.34900731366737","-0.42424498235325","4.6833481497489","-0.811861581945973","4.5772461493785","-0.703804701789734","13.9264238221269","-2.32432748362845","0.233466662417964","-0.0404650638156657","5.83666656045113","-1.01162659539368","12.3348442752634","2.54128576971583","13.1567877537627","1.57717789126652","14.1230649176781","0.502960043798153","12.2668020199397","2.61444920785628","2.69395475784949","1.09520197725936","2.33908757187584","0.247857516368126","32.6340793206701","-2.611787372448","40.6466170433907","-0.676606468240784",NA,NA,NA,NA,NA,NA,NA,NA,"3.57667517233089","-0.304530707198589",NA,NA,NA,NA,NA,NA,NA,NA,NA,NA,NA,NA,NA,NA,"36.8158620689654","-1.65931034482747","0.227379778421318","-0.0427095066461194","0.234166900165457","-0.0353949302023349","0.454759556842635","-0.0854190132922389","0.70250070049641","-0.106184790607044","1.1595619520202","-0.192812413667355","0.547787024240771","-0.0979650597175812","0.564922505167092","-0.0808356061233847","0.558297869264189","-0.0869453183609398","0.564678022157085","-0.0951686399160363","0.625336803825009","-0.0997223849103569","0.607469430945442","-0.0795711534594417","11.5185962570658","3.4693407185006","11.6656722551678","3.30556825401244","11.900860629867","3.04145472213828","11.9475979552239","2.98446232217668","0.172573222448525","0.00831017672001511","0.483969099012536","0.0528652825537174","2.32295307153679","0.530945951303416","0.000367154290419646","3.6640248465977e-05","0.210599452324266","0.112784776404638"
"Daycent",5,42,"5_42","RF15-CR","0.234895423009305","-0.0424483982687622","0.234163797087389","-0.0406283334289317","0.228852911235076","-0.0352184810446038","2.34895423010309","-0.424483982697653","4.68327594178334","-0.8125666686142","4.57705822469839","-0.704369620888941","13.926043015315","-2.32616411769696","0.233461113371607","-0.0404947798143374","5.83652783429399","-1.01236949536224","12.3363674400766","2.55406270293387","13.1578598495455","1.58943324651949","14.1236241279185","0.51459464446101","12.2684774640595","2.62706319876638","2.45928456825611","0.78149369393669","2.06761659990459","0.107363581308335","28.3921548546382","-2.34486289356494","35.693726084341","-1.07082313971729",NA,NA,NA,NA,NA,NA,NA,NA,"3.41052849958107","-0.349169499163107",NA,NA,NA,NA,NA,NA,NA,NA,NA,NA,NA,NA,NA,NA,"36.8137931034482","-1.73103448275854","0.227402276191424","-0.0428131496263344","0.23413834069331","-0.0354015695860652","0.454804552382847","-0.0856262992526688","0.70241502207959","-0.106204708757855","1.15953504429206","-0.192912837509947","0.547841480869253","-0.0982197004789169","0.564845310217308","-0.0808422775021345","0.558281885574771","-0.086992758026114","0.564661906485232","-0.0952231425918308","0.625324053589257","-0.0998168919925665","0.607435927741016","-0.0796384308763377","11.5211153649043","3.48115862064539","11.6678314931344","3.31809456659891","11.902833700604","3.05409090695047","11.9494887251336","2.99717247420487","0.15644819666963","0.00495947934275598","0.445720892950053","0.033567450496313","2.17250097192955","0.346655548756366","0.000367225790548831","3.67615986607675e-05","0.209358964904311","0.110387205588838"
"Daycent",5,43,"5_43","RF25-CR","0.234903450991665","-0.0424847517601726","0.234175516136465","-0.0406740221431962","0.228854164635643","-0.0352450455257367","2.34903450992663","-0.424847517611705","4.68351032276607","-0.813480442900689","4.57708329270852","-0.704900910510398","13.9264648313461","-2.32853650762938","0.233469951862768","-0.0405410105979857","5.83674879657502","-1.01352526495546","12.3376914735925","2.5665789108146","13.1587967444843","1.60139253822622","14.1241129313465","0.5255656780955","12.2697967516402","2.6395945631795","2.22625639398361","0.453169627528868","1.80344810465078","-0.0456398239549369","24.2812040739721","-2.40762312074382","30.8814060379845","-1.82873136828537",NA,NA,NA,NA,NA,NA,NA,NA,"3.24241340989538","-0.385494663446151",NA,NA,NA,NA,NA,NA,NA,NA,NA,NA,NA,NA,NA,NA,"36.8158620689654","-1.79724137931025","0.227307619142014","-0.0427728544194474","0.234251839774807","-0.0356136914143014","0.454615238284027","-0.0855457088388948","0.70275551932435","-0.106841074242835","1.15946594835872","-0.192920853547089","0.547581664213254","-0.0980770098542258","0.565140906835457","-0.0813953251432261","0.558244161447317","-0.0869886533647261","0.564679505779835","-0.0953079871066811","0.625353051254857","-0.0999390927810933","0.607439215188009","-0.0797079271187909","11.5227132065509","3.4943715476247","11.6694395063383","3.33119273958284","11.9041700211745","3.06726418725224","11.9509246859535","3.01009549214533","0.140674289933653","0.00195101924977387","0.407641226912925","0.013820024876226","2.02218194854855","0.155590904741464","0.000367235354736953","3.69090110700851e-05","0.208050066394087","0.10777060585195"
"Daycent",5,44,"5_44","RF35-CR","0.234883980226463","-0.0424648665407039","0.234163706947493","-0.0406697703802121","0.228833090717942","-0.0352336725373663","2.34883980227325","-0.424648665415658","4.68327413898566","-0.813395407640043","4.57666181435276","-0.704673450741259","13.925431724135","-2.32807299468067","0.233452572222184","-0.0405341195288389","5.83631430555775","-1.01335298822413","12.3429370161998","2.57791184372533","13.1629575390065","1.61313137213531","14.1272693444133","0.537100283979472","12.2752097055115","2.6508381418457","1.98848634271337","0.128861195459258","1.5502901846457","-0.195083244216215","20.4330524259438","-2.71767110566018","26.3296363226542","-2.82734629979403",NA,NA,NA,NA,NA,NA,NA,NA,"3.09166571078751","-0.453478324898732",NA,NA,NA,NA,NA,NA,NA,NA,NA,NA,NA,NA,NA,NA,"36.8344827586206","-1.87586206896542","0.227344294394151","-0.0429177756092673","0.234170538629815","-0.0355081120320753","0.454688588788302","-0.0858355512185346","0.702511615889464","-0.106524336096247","1.15945576387025","-0.192995583593613","0.54767037468369","-0.0984342438437479","0.564924931859188","-0.0811059868420285","0.558237866531942","-0.0870251240570709","0.564628084316059","-0.095252712869745","0.625316685773963","-0.0999212008334907","0.607374550138361","-0.0796678237213436","11.5291349990528","3.50511557591502","11.6756173610307","3.34206777038198","11.9100806217012","3.07819600735302","11.9566574373395","3.02123761776583","0.12549232366294","-0.00267502003510718","0.368863486282484","-0.00664580404807347","1.86345155940545","-0.034132321293286","0.000367313621486898","3.70419413163617e-05","0.206487114756128","0.10470510820306"
"Daycent",5,51,"5_51","RR50-CR","0.23453236886107","-0.0407088738911111","0.233579518531621","-0.0405232425947069","0.227739938412366","-0.0358740175566048","2.34532368861936","-0.407088738919775","4.67159037066772","-0.810464851929421","4.5547987682427","-0.717480351127482","13.8708494031543","-2.31631952365207","0.232494314276654","-0.0396396213433211","5.81235785691925","-0.99099053358594","12.8663723090198","2.94023876565672","13.6050558251423","2.0280057968446","14.4780241132445","0.995020504624291","12.8076021974353","3.00286018217009","2.96736568013223","1.10580963257131","2.57529331729844","0.270134551203975","35.0384487683876","-0.701090286020332","43.8057846440381","1.22144449706778",NA,NA,NA,NA,NA,NA,NA,NA,"4.08501852844983","-0.582149764605039",NA,NA,NA,NA,NA,NA,NA,NA,NA,NA,NA,NA,NA,NA,"37.4496551724135","-3.69241379310319","0.224348713830484","-0.0430653020788631","0.232140790218067","-0.0350467716381107","0.448697427660968","-0.0861306041577263","0.696422370653821","-0.105140314913952","1.15401677732809","-0.190014662622046","0.539342879986619","-0.0972174944646963","0.559331336360855","-0.0789671576622026","0.555266925573817","-0.085056974555153","0.563804687987228","-0.0909588236204014","0.623527627923788","-0.099199925847251","0.603939187239993","-0.0807009408101877","12.1427541446668","3.79117977713161","12.2719423405416","3.64373238840211","12.4798014548182","3.40325962813629","12.5221611973049","3.34861756007151","0.182591892461929","0.00407777671437046","0.515904422222302","0.0441527783681038","2.52618056351765","0.498360044248315","0.000375195293937377","3.58003109168232e-05","0.210226887722263","0.0954290435315479"
"Daycent",5,52,"5_52","RR25-CR","0.234764269150005","-0.0409864191070886","0.23370702556131","-0.0404969022687821","0.227815316809608","-0.0358251576677049","2.34764269150817","-0.409864191078997","4.67414051126171","-0.809938045411155","4.55630633618853","-0.716503153350468","13.8819864371097","-2.32063181371111","0.232802988699434","-0.0398670050525302","5.82007471748801","-0.996675126315407","12.6428464122437","2.80094614831829","13.4158219954692","1.86582390936078","14.3273998629768","0.813614171329629","12.5804079207558","2.86779631860536","2.97067487099997","1.16938208305934","2.56927232911264","0.321407288755124","35.2864208018694","-0.891024600734994","44.0313319355396","1.22745124166651",NA,NA,NA,NA,NA,NA,NA,NA,"4.08223231663607","-0.550755381007225",NA,NA,NA,NA,NA,NA,NA,NA,NA,NA,NA,NA,NA,NA,"37.3124137931033","-2.29379310344812","0.22472919142562","-0.0428279000545475","0.232624617863106","-0.0353825568908173","0.44945838285124","-0.085655800109095","0.697873853589187","-0.10614767067232","1.1565646617368","-0.192522953115015","0.540420145047057","-0.0968598161067638","0.560643581504086","-0.0800048100674414","0.556638526354545","-0.086495861132035","0.564424880046237","-0.091728506199421","0.623924171332197","-0.0992062503187017","0.604175347199575","-0.0806174491909195","11.8813318997721","3.68428295272985","12.0178461250844","3.53016688880381","12.2367967804147","3.27994495880738","12.2810078514757","3.22428716713807","0.18290515405333","0.00675847182376335","0.513612315567044","0.0546979576467926","2.50844646394046","0.566230041113263","0.000372847906298078","3.61049804555013e-05","0.210855978291444","0.105074182571311"
"Daycent",5,53,"5_53","RR00-CR","0.234816426499699","-0.0423741142939422","0.234085936675204","-0.0405235206998848","0.228782501661621","-0.0351154642158175","2.34816426500583","-0.42374114294826","4.68171873353937","-0.810470414032975","4.57565003322972","-0.70230928431365","13.9216169936033","-2.3200602900328","0.23338711640939","-0.0403959278084036","5.8346779102369","-1.00989819521225","12.3250653394919","2.52285836935446","13.1490287096765","1.55786214258074","14.1171523567465","0.483735316717091","12.2568790972841","2.59632488699923","2.83865595971719","1.26559046980104","2.5020158291843","0.332006081662312","35.1146622566476","-2.54421183050574","43.5519408496087","-0.239220147358935",NA,NA,NA,NA,NA,NA,NA,NA,"3.6844529195757","-0.259043848971229",NA,NA,NA,NA,NA,NA,NA,NA,NA,NA,NA,NA,NA,NA,"36.8110344827585","-1.53241379310332","0.22726827020312","-0.0425824471322543","0.234167518776007","-0.0353243229405148","0.454536540406241","-0.0851648942645087","0.702502556327993","-0.105972968821517","1.1590448651245","-0.192401585682219","0.547489570082438","-0.0976132445933168","0.56493139591193","-0.0806730080453434","0.558019001830703","-0.0867006984027938","0.564448377282813","-0.0950053373264119","0.625092006007707","-0.0994940488358528","0.607230015259661","-0.0793279750006028","11.5066816125187","3.4522466692258","11.6541282146227","3.28841653148026","11.8899660821377","3.02379140067956","11.9368174230065","2.96675601501891","0.180560947580208","0.0109159820711405","0.504841985207051","0.064650164308837","2.41120387126808","0.631828985307691","0.000367098527361638","3.64645766968483e-05","0.211738183990331","0.114992218881865"
"Daycent",5,54,"5_54","RR50-NT-CR","0.234275438629988","-0.0413727080534793","0.233502671880261","-0.0423335905439927","0.225115909391488","-0.03595287381611","2.34275438630924","-0.41372708054415","4.67005343763043","-0.846671810905049","4.50231818782176","-0.719057476314199","13.8348379685245","-2.3894487033149","0.233199188099354","-0.0414154947530346","5.82997970247922","-1.03538736882124","11.8980867196171","3.59249159098276","12.4870415957544","2.99079029791336","13.2253137355459","2.24728982497675","11.8549984823674","3.62909291441948","2.26027504747039","1.34215006121457","1.86480535791191","0.602757607590147","24.3946245838047","5.13297784750507","31.2025188165562","7.82592281237139",NA,NA,NA,NA,NA,NA,NA,NA,"3.7525900352103","-0.490493495648325",NA,NA,NA,NA,NA,NA,NA,NA,NA,NA,NA,NA,NA,NA,"45.4924137931036","0.780689655172282","0.229023873422331","-0.0482295119266151","0.234896116738491","-0.0390192116644945","0.458047746844662","-0.0964590238532302","0.704688350215868","-0.117057634993877","1.15697585971591","-0.19647567671779","0.539140297985303","-0.105501840423148","0.553944804516821","-0.0843416154545265","0.544759991852589","-0.0837587713555649","0.552366828404563","-0.0899292568480546","0.598072237002294","-0.0988848006946463","0.57206000200055","-0.0756155757134526","11.3346598203139","4.13886011768026","11.435236056603","4.04306262999755","11.5968465890301","3.8880534231409","11.6299235050008","3.8540955881885","0.154849106443569","0.0191591254058955","0.433108524879482","0.0863044361548952","2.09485619605821","0.6425737344888","0.000436223180787021","4.39692351025408e-05","0.21156324515796","0.0778537222717836"
"Daycent",5,55,"5_55","RR25-NT-CR","0.233808255113822","-0.0415809530500027","0.23364109512271","-0.0423963273273545","0.226159357664787","-0.0360254598762511","2.33808255114858","-0.415809530510388","4.67282190248128","-0.847926546574171","4.52318715328903","-0.720509197518308","13.8621603608312","-2.39716232064676","0.233374271227866","-0.0416283285285328","5.83435678069492","-1.04070821321159","11.7143745844915","3.42616586122404","12.3236670654846","2.81743361827366","13.0860582280109","2.06988505455499","11.6691088196167","3.46476007979903","2.22654684576782","1.38276258442813","1.87554696014526","0.589086959165449","24.7800376239729","4.32611703604225","31.5192133843376","7.09312728373551",NA,NA,NA,NA,NA,NA,NA,NA,"3.77826557962901","-0.470265524816689",NA,NA,NA,NA,NA,NA,NA,NA,NA,NA,NA,NA,NA,NA,"45.2758620689657","2.40689655172395","0.230296680794393","-0.0480552215870915","0.235908393695292","-0.0392335438021422","0.460593361588786","-0.0961104431741829","0.707725181086405","-0.117700631406954","1.1597502112633","-0.199105971488982","0.542625099827515","-0.105755081157855","0.556686287446963","-0.0853545595983163","0.546226470059939","-0.0852525813252467","0.551077688917927","-0.0901727888463708","0.598477665525652","-0.0991177519718187","0.57514818303532","-0.0763775293230394","11.1285276496859","3.98556177011419","11.2335954062719","3.88658939894062","11.4016161494948","3.72796860735455","11.4358930841115","3.6933799949226","0.154224878761579","0.019647958621117","0.429501675908991","0.0905168289315677","2.05335539977842","0.684995916549549","0.000431780184314767","4.51513005546803e-05","0.212470770721182","0.0846189545215765"
"Daycent",5,56,"5_56","RR00-NT-CR","0.236013721084043","-0.0441314304865901","0.235926137786182","-0.0439201956242826","0.228802833989152","-0.0375412160295637","2.36013721085072","-0.441314304876193","4.71852275575666","-0.878403912518666","4.57605667977384","-0.750824320582077","14.0001757457664","-2.49450498245156","0.235409079967342","-0.0433951090995572","5.88522699918366","-1.08487772748903","11.577860263985","3.27733838441277","12.202804377886","2.66405136507597","12.9829341253269","1.91601052578222","11.5308600411028","3.31764170027117","2.21771568221382","1.43989827426293","1.89493667164691","0.572237077552886","25.1871928997756","3.60545278052005","31.9417009246113","6.41393480811655",NA,NA,NA,NA,NA,NA,NA,NA,"3.59904673456673","-0.229833933633736",NA,NA,NA,NA,NA,NA,NA,NA,NA,NA,NA,NA,NA,NA,"45.0986206896554","3.9268965517239","0.232614695295418","-0.0487087188742583","0.237675898985637","-0.0404977868369724","0.465229390590837","-0.0974174377485166","0.713027696957529","-0.121493360511534","1.1672020118555","-0.205051646233212","0.548885554981529","-0.108438601228542","0.561395855735979","-0.089165746029667","0.55018829915727","-0.0887498019783826","0.556871804594707","-0.097166534315918","0.605114749276285","-0.104206157977482","0.582852725130275","-0.0816465511956137","10.9748509805473","3.84605899056741","11.0833715377908","3.74479015705102","11.2562767714079","3.58337734842499","11.291461116191","3.54860155915494","0.1547483496348","0.020265822350469","0.429693183891192","0.094568755168866","2.05741413744811","0.681512098262196","0.000425273894588126","4.83013422438696e-05","0.213328114857293","0.0909555936380027"
